accuracy,macro_f1,weighted_f1,macro_precision,macro_recall,fold
0.3490494296577947,0.28683317011765397,0.38924844169811657,0.3110982818962324,0.3674581841273481,1
0.4270867164663852,0.3653868989211814,0.44902355154426254,0.3688093035627412,0.42557213623715984,2
0.41073384446878425,0.34318724520003224,0.4367801401094534,0.3544767410323293,0.39961711808260875,3
