accuracy,macro_f1,weighted_f1,macro_precision,macro_recall,fold
0.5966149506346967,0.35492227366838525,0.6217178815135281,0.3447149502389086,0.3903236556105236,1
0.5578645646721605,0.3489476786579977,0.5864410565222309,0.33974931905408623,0.39458881381856287,2
0.5023041474654378,0.29772419934062794,0.5473548073550041,0.298942820911539,0.33438812781177046,3
