dataset,model_name,k,cv_accuracy_mean,cv_accuracy_std,cv_macro_f1_mean,cv_macro_f1_std,cv_weighted_f1_mean,cv_weighted_f1_std,test_accuracy,test_macro_f1,test_weighted_f1,test_macro_precision,test_macro_recall
hqrtm_q65,B1_structural,3,0.39562333019765467,0.04115458983230255,0.3318024380796225,0.040495462117516735,0.42501737778394416,0.03157590651785818,0.3951011714589989,0.31999319968830037,0.42968871189325786,0.329635765194182,0.37254248636713727
