dataset,model_name,k,train_accuracy_mean,train_accuracy_std,train_macro_f1_mean,train_macro_f1_std,train_weighted_f1_mean,train_weighted_f1_std,train_macro_precision_mean,train_macro_precision_std,train_macro_recall_mean,train_macro_recall_std,validation_accuracy_mean,validation_accuracy_std,validation_macro_f1_mean,validation_macro_f1_std,validation_weighted_f1_mean,validation_weighted_f1_std,validation_macro_precision_mean,validation_macro_precision_std,validation_macro_recall_mean,validation_macro_recall_std,cv_accuracy_mean,cv_accuracy_std,cv_macro_f1_mean,cv_macro_f1_std,cv_weighted_f1_mean,cv_weighted_f1_std,final_train_accuracy,final_train_macro_f1,final_train_weighted_f1,final_train_macro_precision,final_train_macro_recall,test_accuracy,test_macro_f1,test_weighted_f1,test_macro_precision,test_macro_recall,train_test_accuracy_gap,train_test_macro_f1_gap,train_test_weighted_f1_gap
hqrtm_q65,B1_structural,3,0.5781378101073237,0.059845741397979615,0.42786548329636953,0.06214904039168245,0.6196405122953778,0.04619457736679761,0.4108779550962381,0.04498946336735356,0.5412488604304426,0.05884713895770369,0.5429949362565679,0.022313029329184556,0.33795953436944287,0.028399904413822123,0.5825297011380952,0.019255425791110465,0.3383511381234934,0.03411533218081229,0.3801720489339695,0.03977864149704153,0.5429949362565679,0.022313029329184556,0.33795953436944287,0.028399904413822123,0.5825297011380952,0.019255425791110465,0.6505681818181818,0.49538579909493513,0.6771951934312922,0.4594219867307175,0.5963747325044501,0.5669151579694711,0.363307076479376,0.6018721402288864,0.3519708321666003,0.4179872608445506,0.08365302384871065,0.13207872261555914,0.07532305320240584
