fold,train_size_raw,train_size_fit,validation_size,train_accuracy,train_macro_f1,train_weighted_f1,train_macro_precision,train_macro_recall,accuracy,macro_f1,weighted_f1,macro_precision,macro_recall,validation_accuracy,validation_macro_f1,validation_weighted_f1,validation_macro_precision,validation_macro_recall
1,4293,12704,4155,0.6300955043093408,0.4866149288520081,0.6639914693329515,0.451908148620104,0.629724024913297,0.6339350180505415,0.3510832194481645,0.651788570103669,0.3429319651454759,0.37986930461505714,0.6339350180505415,0.3510832194481645,0.651788570103669,0.3429319651454759,0.37986930461505714
2,4155,12644,4293,0.5528279181708785,0.41002172495435296,0.6030919724968521,0.39676872384290396,0.55819336587567,0.5699976706266014,0.37772603819977457,0.610241620298244,0.373095634614707,0.4242514745139305,0.5699976706266014,0.37772603819977457,0.610241620298244,0.373095634614707,0.4242514745139305
