fold,train_size_raw,train_size_fit,validation_size,train_accuracy,train_macro_f1,train_weighted_f1,train_macro_precision,train_macro_recall,accuracy,macro_f1,weighted_f1,macro_precision,macro_recall,validation_accuracy,validation_macro_f1,validation_weighted_f1,validation_macro_precision,validation_macro_recall
1,4293,12704,4155,0.6007453994875378,0.46265557379894917,0.6436859645517544,0.440041328041328,0.6337810309873277,0.6500601684717208,0.35889183044379264,0.6632397429379138,0.3492448512368658,0.3805769514770109,0.6500601684717208,0.35889183044379264,0.6632397429379138,0.3492448512368658,0.3805769514770109
2,4155,12644,4293,0.7157641395908544,0.5539830677758977,0.7362438041405953,0.5064849285095103,0.6582388026133559,0.5578849289541113,0.36188890599425644,0.5967955663469129,0.3769866199911699,0.37718160066344775,0.5578849289541113,0.36188890599425644,0.5967955663469129,0.3769866199911699,0.37718160066344775
