fold,train_size_raw,train_size_fit,validation_size,train_accuracy,train_macro_f1,train_weighted_f1,train_macro_precision,train_macro_recall,accuracy,macro_f1,weighted_f1,macro_precision,macro_recall,validation_accuracy,validation_macro_f1,validation_weighted_f1,validation_macro_precision,validation_macro_recall
1,4293,12704,4155,0.6573491730724436,0.49333882293574705,0.6862122414882028,0.4580668863615721,0.6116968396834292,0.6303249097472924,0.3502525548354676,0.6462895605754354,0.3501485756405018,0.4003532923959199,0.6303249097472924,0.3502525548354676,0.6462895605754354,0.3501485756405018,0.4003532923959199
2,4155,12644,4293,0.5997593261131168,0.43886804796572454,0.6423734492783317,0.41274384173285883,0.5809594436358605,0.6049382716049383,0.3677535905689653,0.6296010783225557,0.3691680894072442,0.38924774358567693,0.6049382716049383,0.3677535905689653,0.6296010783225557,0.3691680894072442,0.38924774358567693
