split,accuracy,macro_f1,weighted_f1,macro_precision,macro_recall
train_final,0.6588541666666666,0.4986193587701816,0.6864235719603708,0.4600658507229233,0.597811857198621
test,0.6041888533901314,0.39222868309996584,0.6378437616955874,0.3757214512437973,0.45045906707485256
