dataset,model_name,k,cv_accuracy_mean,cv_accuracy_std,cv_macro_f1_mean,cv_macro_f1_std,cv_weighted_f1_mean,cv_weighted_f1_std,test_accuracy,test_macro_f1,test_weighted_f1,test_macro_precision,test_macro_recall
hqrtm_q70,B3_structural_context,2,0.6553356526155836,0.017671589472516177,0.3613299480944292,0.032805964798989666,0.6601184800584254,0.008416412116466087,0.6123535676251332,0.415153211666584,0.6471538598388457,0.39388902510317425,0.5074356293159584
