dataset,model_name,k,train_accuracy_mean,train_accuracy_std,train_macro_f1_mean,train_macro_f1_std,train_weighted_f1_mean,train_weighted_f1_std,train_macro_precision_mean,train_macro_precision_std,train_macro_recall_mean,train_macro_recall_std,validation_accuracy_mean,validation_accuracy_std,validation_macro_f1_mean,validation_macro_f1_std,validation_weighted_f1_mean,validation_weighted_f1_std,validation_macro_precision_mean,validation_macro_precision_std,validation_macro_recall_mean,validation_macro_recall_std,cv_accuracy_mean,cv_accuracy_std,cv_macro_f1_mean,cv_macro_f1_std,cv_weighted_f1_mean,cv_weighted_f1_std,final_train_accuracy,final_train_macro_f1,final_train_weighted_f1,final_train_macro_precision,final_train_macro_recall,test_accuracy,test_macro_f1,test_weighted_f1,test_macro_precision,test_macro_recall,train_test_accuracy_gap,train_test_macro_f1_gap,train_test_weighted_f1_gap
hqrtm_q70,B3_structural_context,2,0.5914617112401097,0.054636434124422366,0.4483183269031805,0.05415957386883583,0.6335417209149018,0.04306244718365459,0.42433843623150397,0.03898946117068367,0.5939586953944835,0.05057981406824886,0.6019663443385714,0.04521053193454827,0.3644046288239695,0.018839317809187583,0.6310150952009566,0.029378129945033093,0.35801379988009147,0.02132893522716294,0.40206038956449386,0.03138293329926684,0.6019663443385714,0.04521053193454827,0.3644046288239695,0.018839317809187583,0.6310150952009566,0.029378129945033093,0.6588541666666666,0.4986193587701816,0.6864235719603708,0.4600658507229233,0.597811857198621,0.6041888533901314,0.39222868309996584,0.6378437616955874,0.3757214512437973,0.45045906707485256,0.05466531327653523,0.10639067567021576,0.04857981026478342
