dataset,model_name,k,train_accuracy_mean,train_accuracy_std,train_macro_f1_mean,train_macro_f1_std,train_weighted_f1_mean,train_weighted_f1_std,train_macro_precision_mean,train_macro_precision_std,train_macro_recall_mean,train_macro_recall_std,validation_accuracy_mean,validation_accuracy_std,validation_macro_f1_mean,validation_macro_f1_std,validation_weighted_f1_mean,validation_weighted_f1_std,validation_macro_precision_mean,validation_macro_precision_std,validation_macro_recall_mean,validation_macro_recall_std,cv_accuracy_mean,cv_accuracy_std,cv_macro_f1_mean,cv_macro_f1_std,cv_weighted_f1_mean,cv_weighted_f1_std,final_train_accuracy,final_train_macro_f1,final_train_weighted_f1,final_train_macro_precision,final_train_macro_recall,test_accuracy,test_macro_f1,test_weighted_f1,test_macro_precision,test_macro_recall,train_test_accuracy_gap,train_test_macro_f1_gap,train_test_weighted_f1_gap
hqrtm_q70,B3_structural_context,2,0.6285542495927802,0.04072217131243544,0.4661034354507358,0.03851665435778937,0.6642928453832673,0.030998707250627835,0.43540536404721547,0.03204823220098369,0.5963281416596449,0.02173462118125245,0.6176315906761154,0.017951063981987633,0.35900307270221643,0.012375101044944312,0.6379453194489956,0.011800538968722565,0.359658332523873,0.013448827159334471,0.3948005179907984,0.007852808872520984,0.6176315906761154,0.017951063981987633,0.35900307270221643,0.012375101044944312,0.6379453194489956,0.011800538968722565,0.689157196969697,0.5072939402284249,0.7090503301369228,0.4716570202206428,0.5787976456941504,0.6396876109336174,0.4075960692470235,0.6624114188699108,0.3887329053973064,0.45114536551250395,0.04946958603607965,0.09969787098140137,0.04663891126701192
