accuracy,macro_f1,weighted_f1,macro_precision,macro_recall,fold
0.5733487833140208,0.3753189576364202,0.6038380760915067,0.37507957795285707,0.3919970390558626,1
0.7113476893297846,0.3361793310604271,0.672908510340152,0.37010559338101034,0.33036548201896165,2
