fold,train_size_raw,train_size_fit,validation_size,train_accuracy,train_macro_f1,train_weighted_f1,train_macro_precision,train_macro_recall,accuracy,macro_f1,weighted_f1,macro_precision,macro_recall,validation_accuracy,validation_macro_f1,validation_weighted_f1,validation_macro_precision,validation_macro_recall
1,4133,12184,4315,0.4735059278974111,0.34717763681650204,0.5385849340100023,0.3645430096789286,0.4708331055491905,0.6878331402085748,0.378195276180458,0.6747911578702003,0.3953674396332724,0.36708283914166273,0.6878331402085748,0.378195276180458,0.6747911578702003,0.3953674396332724,0.36708283914166273
2,4315,12580,4133,0.5390498261877172,0.43395396575242573,0.5853233704853598,0.42422509083718496,0.6373831114027193,0.6160174207597386,0.3548857008889913,0.6329393910499841,0.3500886097873066,0.3928825060736842,0.6160174207597386,0.3548857008889913,0.6329393910499841,0.3500886097873066,0.3928825060736842
