fold,train_size_raw,train_size_fit,validation_size,train_accuracy,train_macro_f1,train_weighted_f1,train_macro_precision,train_macro_recall,accuracy,macro_f1,weighted_f1,macro_precision,macro_recall,validation_accuracy,validation_macro_f1,validation_weighted_f1,validation_macro_precision,validation_macro_recall
1,4133,12184,4315,0.625453665618195,0.46023259394070215,0.6624186973117118,0.43386712888462,0.5725870021177865,0.5527230590961761,0.3707759744427459,0.5883941838924277,0.37360164821309716,0.38780482162835106,0.5527230590961761,0.3707759744427459,0.5883941838924277,0.37360164821309716,0.38780482162835106
2,4315,12580,4133,0.5768250289687138,0.45611949424888415,0.6214270263476126,0.440252382121479,0.6353086279556868,0.6404548753931769,0.3512159374419124,0.644078608163886,0.35122174825335417,0.3631127185007652,0.6404548753931769,0.3512159374419124,0.644078608163886,0.35122174825335417,0.3631127185007652
