split,accuracy,macro_f1,weighted_f1,macro_precision,macro_recall
train_final,0.6040482954545454,0.4558635129715606,0.6429054677068414,0.4306092784815303,0.5933887596887213
test,0.5832445864394746,0.4157082220370003,0.6253736763307153,0.39965980179010396,0.5353062539431225
