split,accuracy,macro_f1,weighted_f1,macro_precision,macro_recall
train_final,0.6924715909090909,0.5371774442587892,0.7125549091965687,0.4967625815231326,0.6253731212669338
test,0.6375576854810082,0.4374740925976831,0.6620668060808634,0.41351551797220054,0.5017990230008907
