dataset,model_name,k,train_accuracy_mean,train_accuracy_std,train_macro_f1_mean,train_macro_f1_std,train_weighted_f1_mean,train_weighted_f1_std,train_macro_precision_mean,train_macro_precision_std,train_macro_recall_mean,train_macro_recall_std,validation_accuracy_mean,validation_accuracy_std,validation_macro_f1_mean,validation_macro_f1_std,validation_weighted_f1_mean,validation_weighted_f1_std,validation_macro_precision_mean,validation_macro_precision_std,validation_macro_recall_mean,validation_macro_recall_std,cv_accuracy_mean,cv_accuracy_std,cv_macro_f1_mean,cv_macro_f1_std,cv_weighted_f1_mean,cv_weighted_f1_std,final_train_accuracy,final_train_macro_f1,final_train_weighted_f1,final_train_macro_precision,final_train_macro_recall,test_accuracy,test_macro_f1,test_weighted_f1,test_macro_precision,test_macro_recall,train_test_accuracy_gap,train_test_macro_f1_gap,train_test_weighted_f1_gap
hqrtm_q65,B3_structural_context,2,0.5062778770425642,0.04634653494647684,0.3905658012844639,0.06136013063706606,0.561954152247681,0.033049065373781945,0.3943840502580568,0.04220160430232894,0.5541081084759549,0.1177686385456894,0.6519252804841567,0.05078138221806266,0.36654048853472465,0.016482358755174505,0.6538652744600921,0.029593668123213016,0.37272802471028954,0.03201696762827427,0.3799826726076735,0.018243119439986705,0.6519252804841567,0.05078138221806266,0.36654048853472465,0.016482358755174505,0.6538652744600921,0.029593668123213016,0.6522253787878788,0.49977664582205084,0.67790214150668,0.46293708177588677,0.5958323172716047,0.6134185303514377,0.42103031112264716,0.6433276635156387,0.3995372381657365,0.48947315068242336,0.03880684843644111,0.07874633469940368,0.0345744779910413
