dataset,model_name,k,train_accuracy_mean,train_accuracy_std,train_macro_f1_mean,train_macro_f1_std,train_weighted_f1_mean,train_weighted_f1_std,train_macro_precision_mean,train_macro_precision_std,train_macro_recall_mean,train_macro_recall_std,validation_accuracy_mean,validation_accuracy_std,validation_macro_f1_mean,validation_macro_f1_std,validation_weighted_f1_mean,validation_weighted_f1_std,validation_macro_precision_mean,validation_macro_precision_std,validation_macro_recall_mean,validation_macro_recall_std,cv_accuracy_mean,cv_accuracy_std,cv_macro_f1_mean,cv_macro_f1_std,cv_weighted_f1_mean,cv_weighted_f1_std,final_train_accuracy,final_train_macro_f1,final_train_weighted_f1,final_train_macro_precision,final_train_macro_recall,test_accuracy,test_macro_f1,test_weighted_f1,test_macro_precision,test_macro_recall,train_test_accuracy_gap,train_test_macro_f1_gap,train_test_weighted_f1_gap
hqrtm_q65,B3_structural_context,2,0.5617240653261668,0.004313321251367636,0.4344014106139298,0.032118736662222334,0.6070569178851625,0.0020216458462383275,0.42003476494313485,0.025514309320443525,0.5918635483974661,0.06907480759328338,0.5958952040482464,0.07088694040996942,0.3657345972361401,0.010342298172660995,0.6182300071774984,0.042850208637521564,0.374715740232913,0.012060231972610507,0.38862640805045956,0.009906180329375352,0.5958952040482464,0.07088694040996942,0.3657345972361401,0.010342298172660995,0.6182300071774984,0.042850208637521564,0.6040482954545454,0.4558635129715606,0.6429054677068414,0.4306092784815303,0.5933887596887213,0.5832445864394746,0.4157082220370003,0.6253736763307153,0.39965980179010396,0.5353062539431225,0.02080370901507078,0.04015529093456027,0.01753179137612615
