dataset,model_name,k,train_accuracy_mean,train_accuracy_std,train_macro_f1_mean,train_macro_f1_std,train_weighted_f1_mean,train_weighted_f1_std,train_macro_precision_mean,train_macro_precision_std,train_macro_recall_mean,train_macro_recall_std,validation_accuracy_mean,validation_accuracy_std,validation_macro_f1_mean,validation_macro_f1_std,validation_weighted_f1_mean,validation_weighted_f1_std,validation_macro_precision_mean,validation_macro_precision_std,validation_macro_recall_mean,validation_macro_recall_std,cv_accuracy_mean,cv_accuracy_std,cv_macro_f1_mean,cv_macro_f1_std,cv_weighted_f1_mean,cv_weighted_f1_std,final_train_accuracy,final_train_macro_f1,final_train_weighted_f1,final_train_macro_precision,final_train_macro_recall,test_accuracy,test_macro_f1,test_weighted_f1,test_macro_precision,test_macro_recall,train_test_accuracy_gap,train_test_macro_f1_gap,train_test_weighted_f1_gap
hqrtm_q65,B3_structural_context,2,0.6011393472934544,0.03438563873470486,0.4581760440947932,0.0029084006837808074,0.6419228618296622,0.028985488510882226,0.4370597555030495,0.00451505586337636,0.6039478150367366,0.04435088695702468,0.5965889672446765,0.06203576222942171,0.36099595594232914,0.013831034803549167,0.6162363960281568,0.03937483400881691,0.36241169823322567,0.01582497902381081,0.37545877006455813,0.017459953563273515,0.5965889672446765,0.06203576222942171,0.36099595594232914,0.013831034803549167,0.6162363960281568,0.03937483400881691,0.6924715909090909,0.5371774442587892,0.7125549091965687,0.4967625815231326,0.6253731212669338,0.6375576854810082,0.4374740925976831,0.6620668060808634,0.41351551797220054,0.5017990230008907,0.05491390542808272,0.09970335166110611,0.050488103115705285
