accuracy,macro_f1,weighted_f1,macro_precision,macro_recall,fold
0.5457102672292545,0.3468766080099401,0.581505248464664,0.33916560377906546,0.40364534967489996,1
0.5717344753747323,0.35666102821002754,0.600086951029182,0.3574524444458914,0.39129490101353076,2
0.6427551748750893,0.38213730771292787,0.6516401697091558,0.37392943284765534,0.40886203104920144,3
