accuracy,macro_f1,weighted_f1,macro_precision,macro_recall,fold
0.6304909560723514,0.358964634110827,0.6233355722788348,0.35640039709614857,0.37236808585348957,1
0.5532351934269086,0.3633555367580622,0.5858934972221201,0.364323648677747,0.38759186389851835,2
0.6227821149751597,0.36131075187358025,0.6382139703511109,0.35682463866945413,0.4154516613064171,3
