dataset,model_name,k,cv_accuracy_mean,cv_accuracy_std,cv_macro_f1_mean,cv_macro_f1_std,cv_weighted_f1_mean,cv_weighted_f1_std,test_accuracy,test_macro_f1,test_weighted_f1,test_macro_precision,test_macro_recall
traditional_lihc,B1_structural,3,0.6021694214914732,0.04255320863309316,0.3612103075808231,0.0021971739362951766,0.6158143466173552,0.026958942926207912,0.5995740149094781,0.3799748749527677,0.6221575417698973,0.3669686232495426,0.4116842069913906
