dataset,model_name,k,cv_accuracy_mean,cv_accuracy_std,cv_macro_f1_mean,cv_macro_f1_std,cv_weighted_f1_mean,cv_weighted_f1_std,test_accuracy,test_macro_f1,test_weighted_f1,test_macro_precision,test_macro_recall
traditional_lihc,B1_structural,3,0.5867333058263587,0.05023098855472212,0.3618916479776318,0.01820298803084291,0.6110774564010006,0.03633621059960365,0.5427760028399006,0.35056935839316233,0.5784494848323924,0.34038031087711096,0.3965603008537314
