dataset,model_name,k,train_accuracy_mean,train_accuracy_std,train_macro_f1_mean,train_macro_f1_std,train_weighted_f1_mean,train_weighted_f1_std,train_macro_precision_mean,train_macro_precision_std,train_macro_recall_mean,train_macro_recall_std,validation_accuracy_mean,validation_accuracy_std,validation_macro_f1_mean,validation_macro_f1_std,validation_weighted_f1_mean,validation_weighted_f1_std,validation_macro_precision_mean,validation_macro_precision_std,validation_macro_recall_mean,validation_macro_recall_std,cv_accuracy_mean,cv_accuracy_std,cv_macro_f1_mean,cv_macro_f1_std,cv_weighted_f1_mean,cv_weighted_f1_std,final_train_accuracy,final_train_macro_f1,final_train_weighted_f1,final_train_macro_precision,final_train_macro_recall,test_accuracy,test_macro_f1,test_weighted_f1,test_macro_precision,test_macro_recall,train_test_accuracy_gap,train_test_macro_f1_gap,train_test_weighted_f1_gap
traditional_lihc,B1_structural,3,0.5731901559105977,0.01800747851940397,0.4134338621192823,0.014500282220409085,0.6132632819329046,0.019227630349262347,0.3951539935934048,0.01220712488136959,0.5143780548235865,0.017836317949244482,0.5711931200438506,0.043865449898427646,0.36626234594095824,0.017536872440398723,0.6051344773102358,0.03293633864391877,0.36332337293264544,0.015929180779788967,0.4238117065609828,0.0022970875006302323,0.5711931200438506,0.043865449898427646,0.36626234594095824,0.017536872440398723,0.6051344773102358,0.03293633864391877,0.5788352272727273,0.44283503470784635,0.6158911552570334,0.41791906133115286,0.5395317367959975,0.5264465743698971,0.3522752758513985,0.5673468437183465,0.34323516850827346,0.4090874480757789,0.052388652902830235,0.09055975885644785,0.04854431153868688
