accuracy,macro_f1,weighted_f1,macro_precision,macro_recall,fold
0.5657193605683837,0.40168355047170956,0.5998257865134131,0.4955440273739243,0.4180283548882675,1
0.7066666666666667,0.47733016449249677,0.6967017538122924,0.46629306257243974,0.5047585246411193,2
0.604458041958042,0.3307924343128671,0.6224157081440823,0.3341785166156639,0.3625153574795636,3
0.7014264633546483,0.4008359734145915,0.6679501691412334,0.4229619693905408,0.4065066101522674,4
