accuracy,macro_f1,weighted_f1,macro_precision,macro_recall,fold
0.6845360824742268,0.4685259536850082,0.6951634329583664,0.44651815287487884,0.5180978951713548,1
0.5777272727272728,0.3308122214374304,0.5779846914319564,0.45043791009537054,0.34978288823153103,2
0.6916140667267808,0.4133215950349641,0.6873457206701568,0.4096350176231672,0.42276308172110766,3
0.6038277511961723,0.4318193421672514,0.6332299654052519,0.40653708318367854,0.4955106453632575,4
