dataset,model_name,k,train_accuracy_mean,train_accuracy_std,train_macro_f1_mean,train_macro_f1_std,train_weighted_f1_mean,train_weighted_f1_std,train_macro_precision_mean,train_macro_precision_std,train_macro_recall_mean,train_macro_recall_std,validation_accuracy_mean,validation_accuracy_std,validation_macro_f1_mean,validation_macro_f1_std,validation_weighted_f1_mean,validation_weighted_f1_std,validation_macro_precision_mean,validation_macro_precision_std,validation_macro_recall_mean,validation_macro_recall_std,cv_accuracy_mean,cv_accuracy_std,cv_macro_f1_mean,cv_macro_f1_std,cv_weighted_f1_mean,cv_weighted_f1_std,final_train_accuracy,final_train_macro_f1,final_train_weighted_f1,final_train_macro_precision,final_train_macro_recall,test_accuracy,test_macro_f1,test_weighted_f1,test_macro_precision,test_macro_recall,train_test_accuracy_gap,train_test_macro_f1_gap,train_test_weighted_f1_gap
traditional_lihc,B2_structural_socioeconomic,4,0.6822148101401424,0.06935415514281229,0.5307064869251957,0.055022241631509074,0.701286517623454,0.05049619422917249,0.5091968813253075,0.05825791146383308,0.5920800344112405,0.025337545479643054,0.6261000357579996,0.08561041613302146,0.4107929832732412,0.0660965639135989,0.641102890482677,0.057786549807792395,0.42864153071642364,0.06594271279245859,0.4493651788288744,0.06395043064119742,0.6261000357579996,0.08561041613302146,0.4107929832732412,0.0660965639135989,0.641102890482677,0.057786549807792395,0.7780539772727273,0.6060955276481723,0.7671991926599728,0.6055555726935011,0.6134123655625485,0.7490237841675541,0.5160153807031912,0.7309396537115439,0.52520037841581,0.5144778144846202,0.029030193105173185,0.09008014694498112,0.03625953894842893
