dataset,model_name,k,cv_accuracy_mean,cv_accuracy_std,cv_macro_f1_mean,cv_macro_f1_std,cv_weighted_f1_mean,cv_weighted_f1_std,test_accuracy,test_macro_f1,test_weighted_f1,test_macro_precision,test_macro_recall
traditional_lihc,B2_structural_socioeconomic,4,0.6445676331369352,0.07051015513299244,0.4026605306729162,0.059846640085778155,0.6467233544027553,0.04373656598337035,0.7096201632942847,0.5103239573004362,0.7094259399161303,0.49524861135403453,0.5303553616022727
