dataset,model_name,k,cv_accuracy_mean,cv_accuracy_std,cv_macro_f1_mean,cv_macro_f1_std,cv_weighted_f1_mean,cv_weighted_f1_std,test_accuracy,test_macro_f1,test_weighted_f1,test_macro_precision,test_macro_recall
traditional_lihc,B2_structural_socioeconomic,4,0.6394262932811132,0.05724940207588785,0.4111197780811635,0.05824686716267225,0.6484309526164329,0.054442721027548116,0.706425275115371,0.5118456741351262,0.7111845928335153,0.49887692637770886,0.5358497608016735
