accuracy,macro_f1,weighted_f1,macro_precision,macro_recall,fold
0.3991172761664565,0.34217638024320923,0.4201798364289912,0.3447582849472689,0.39148906226465496,1
0.43253311258278143,0.35880889046622333,0.4477472193781819,0.34910141346901413,0.4059922481631336,2
0.3576923076923077,0.29069248892842825,0.3964549610857633,0.31163594431041486,0.3526452157982266,3
