accuracy,macro_f1,weighted_f1,macro_precision,macro_recall,fold
0.5662905500705219,0.3527005234843913,0.5937746939669443,0.3425926457369849,0.3939601192072002,1
0.5417413113579362,0.3547383558154805,0.5722851474282392,0.34503120814555077,0.4053314691052535,2
0.4810350939383197,0.30714576583119935,0.5357849487883549,0.3184079659626637,0.40064013386339603,3
