dataset,model_name,k,cv_accuracy_mean,cv_accuracy_std,cv_macro_f1_mean,cv_macro_f1_std,cv_weighted_f1_mean,cv_weighted_f1_std,test_accuracy,test_macro_f1,test_weighted_f1,test_macro_precision,test_macro_recall
hqrtm_q60,B1_structural,3,0.5296889851222593,0.04388698127971268,0.33819488171035705,0.026908621068542898,0.5672815967278462,0.02931687698541549,0.5168619098331558,0.3553867250145487,0.5618963280539133,0.35081644716495103,0.4295582075813491
