dataset,model_name,k,train_accuracy_mean,train_accuracy_std,train_macro_f1_mean,train_macro_f1_std,train_weighted_f1_mean,train_weighted_f1_std,train_macro_precision_mean,train_macro_precision_std,train_macro_recall_mean,train_macro_recall_std,validation_accuracy_mean,validation_accuracy_std,validation_macro_f1_mean,validation_macro_f1_std,validation_weighted_f1_mean,validation_weighted_f1_std,validation_macro_precision_mean,validation_macro_precision_std,validation_macro_recall_mean,validation_macro_recall_std,cv_accuracy_mean,cv_accuracy_std,cv_macro_f1_mean,cv_macro_f1_std,cv_weighted_f1_mean,cv_weighted_f1_std,final_train_accuracy,final_train_macro_f1,final_train_weighted_f1,final_train_macro_precision,final_train_macro_recall,test_accuracy,test_macro_f1,test_weighted_f1,test_macro_precision,test_macro_recall,train_test_accuracy_gap,train_test_macro_f1_gap,train_test_weighted_f1_gap
hqrtm_q60,B1_structural,3,0.6079831321226292,0.013536838081593106,0.46481627108890544,0.011108675548854448,0.6397302367698151,0.010760592741700945,0.4358682508394593,0.008195488242824086,0.5763433565026326,0.0026158828388815744,0.5485271302984643,0.03689228773450882,0.3415566407180981,0.02719796306121314,0.5763509940268341,0.028306569977138128,0.33328188721112273,0.02257011136920014,0.3846123914833724,0.03063840668783977,0.5485271302984643,0.03689228773450882,0.3415566407180981,0.02719796306121314,0.5763509940268341,0.028306569977138128,0.6393229166666666,0.49624777657265395,0.6658497150764031,0.4611000043299069,0.6023572312085063,0.5498757543485978,0.3597035350023051,0.5844986673221001,0.34905539499104304,0.4112573657299123,0.08944716231806882,0.13654424157034883,0.08135104775430302
