dataset,model_name,k,cv_accuracy_mean,cv_accuracy_std,cv_macro_f1_mean,cv_macro_f1_std,cv_weighted_f1_mean,cv_weighted_f1_std,test_accuracy,test_macro_f1,test_weighted_f1,test_macro_precision,test_macro_recall
traditional_lihc,B2_structural_context,9,0.6646611639030842,0.05413060064072884,0.3835601198014072,0.04942801656280084,0.6523858309112247,0.06299287828137098,0.5051473198438055,0.38963361522659035,0.5546827567313904,0.38453148076795163,0.5158899694148982
