accuracy,macro_f1,weighted_f1,macro_precision,macro_recall,fold
0.7351904090267983,0.36546516255833167,0.7092939103464575,0.38486544556669033,0.3629850433405084,1
0.6565047855370436,0.33245000070458874,0.6507456594632915,0.3276489730236972,0.3465038034162458,2
0.7108563238982444,0.4475395520543114,0.6998382971421916,0.4639833221503148,0.43659930215161136,3
