dataset,model_name,k,train_accuracy_mean,train_accuracy_std,train_macro_f1_mean,train_macro_f1_std,train_weighted_f1_mean,train_weighted_f1_std,train_macro_precision_mean,train_macro_precision_std,train_macro_recall_mean,train_macro_recall_std,validation_accuracy_mean,validation_accuracy_std,validation_macro_f1_mean,validation_macro_f1_std,validation_weighted_f1_mean,validation_weighted_f1_std,validation_macro_precision_mean,validation_macro_precision_std,validation_macro_recall_mean,validation_macro_recall_std,cv_accuracy_mean,cv_accuracy_std,cv_macro_f1_mean,cv_macro_f1_std,cv_weighted_f1_mean,cv_weighted_f1_std,final_train_accuracy,final_train_macro_f1,final_train_weighted_f1,final_train_macro_precision,final_train_macro_recall,test_accuracy,test_macro_f1,test_weighted_f1,test_macro_precision,test_macro_recall,train_test_accuracy_gap,train_test_macro_f1_gap,train_test_weighted_f1_gap
hqrtm_q70,B2_structural_socioeconomic,3,0.6203281850329369,0.0778559790787424,0.4746088530879087,0.06905128843804628,0.6684528633784272,0.058981782855300695,0.48213088877982263,0.05184895543539988,0.586033710000981,0.030971996581306355,0.5893464809668233,0.01939839620373695,0.39018554423508406,0.05239583447000747,0.635959341772858,0.014417075173107747,0.4272998966248864,0.08993546911743187,0.44579321811232897,0.07421313108650439,0.5893464809668233,0.01939839620373695,0.39018554423508406,0.05239583447000747,0.635959341772858,0.014417075173107747,0.7154356060606061,0.5237495361074676,0.7345337392786966,0.4981487756791664,0.5821632447715676,0.6957756478523252,0.49519635186094035,0.7142901623114031,0.4756095490566182,0.5523638647322032,0.019659958208280925,0.028553184246527197,0.02024357696729351
