fold,train_size_raw,train_size_fit,validation_size,train_accuracy,train_macro_f1,train_weighted_f1,train_macro_precision,train_macro_recall,accuracy,macro_f1,weighted_f1,macro_precision,macro_recall,validation_accuracy,validation_macro_f1,validation_weighted_f1,validation_macro_precision,validation_macro_recall
1,5604,16380,2844,0.609564596716631,0.4589248129581975,0.6472144554436278,0.43507741845871073,0.5594136645256048,0.6093530239099859,0.3897925391592979,0.6331633996320796,0.3784453821982531,0.4405100371694438,0.6093530239099859,0.3897925391592979,0.6331633996320796,0.3784453821982531,0.4405100371694438
2,5646,16504,2802,0.5270988310308182,0.3860531132589143,0.5791702705978953,0.3814415254752691,0.49926092345022466,0.6134903640256959,0.3860657166959087,0.6292801453750821,0.407979372616012,0.3924848471962653,0.6134903640256959,0.3860657166959087,0.6292801453750821,0.407979372616012,0.3924848471962653
3,5646,16316,2802,0.5683669854764435,0.4306250197341417,0.6076004932702399,0.4082449627327949,0.553264932810897,0.5438972162740899,0.3682627241939769,0.5904763743448426,0.3829189844849829,0.44863520391924067,0.5438972162740899,0.3682627241939769,0.5904763743448426,0.3829189844849829,0.44863520391924067
