fold,train_size_raw,train_size_fit,validation_size,train_accuracy,train_macro_f1,train_weighted_f1,train_macro_precision,train_macro_recall,accuracy,macro_f1,weighted_f1,macro_precision,macro_recall,validation_accuracy,validation_macro_f1,validation_weighted_f1,validation_macro_precision,validation_macro_recall
1,5604,16380,2844,0.5913633119200571,0.43258882676624255,0.6318264966814886,0.4172148646847637,0.5313261531171979,0.6170886075949367,0.40311856704272164,0.6362852300216636,0.39647460740541296,0.4308344780001243,0.6170886075949367,0.40311856704272164,0.6362852300216636,0.39647460740541296,0.4308344780001243
2,5646,16504,2802,0.544987601842012,0.4191655398968396,0.5896731069512428,0.40241440999008765,0.5467606974744789,0.6156316916488223,0.3924306361672595,0.631875554046345,0.41726818139390387,0.4232289986306924,0.6156316916488223,0.3924306361672595,0.631875554046345,0.41726818139390387,0.4232289986306924
3,5646,16316,2802,0.5616365568544102,0.4174469728740114,0.6012403485103472,0.3968079194064531,0.5385960288221355,0.5474660956459672,0.3566888798318286,0.5917839923624867,0.37674150219595065,0.43200608039552946,0.5474660956459672,0.3566888798318286,0.5917839923624867,0.37674150219595065,0.43200608039552946
