accuracy,macro_f1,weighted_f1,macro_precision,macro_recall,fold
0.6082981715893109,0.3866296567471387,0.6251534349112203,0.412930935962008,0.3994570348952854,1
0.6441827266238401,0.3797953211121343,0.6480806346489802,0.4191576522022734,0.4147928561586288,2
0.5917201998572448,0.3621315604486811,0.6214936655934746,0.35191523943565217,0.4135312194257851,3
