split,accuracy,macro_f1,weighted_f1,macro_precision,macro_recall
train_final,0.7430160984848485,0.5970796047371231,0.7517239841774127,0.5661448216269338,0.6447858560164826
test,0.6407525736599219,0.4093449844286962,0.6510542242568825,0.3954337557131746,0.43524937649134277
