split,accuracy,macro_f1,weighted_f1,macro_precision,macro_recall
train_final,0.6792140151515151,0.5344290059662873,0.6989784607455504,0.4968899176312095,0.6088132083389866
test,0.6041888533901314,0.4040407557656329,0.6274411942063668,0.38510872198103185,0.4495816752351249
