dataset,model_name,k,train_accuracy_mean,train_accuracy_std,train_macro_f1_mean,train_macro_f1_std,train_weighted_f1_mean,train_weighted_f1_std,train_macro_precision_mean,train_macro_precision_std,train_macro_recall_mean,train_macro_recall_std,validation_accuracy_mean,validation_accuracy_std,validation_macro_f1_mean,validation_macro_f1_std,validation_weighted_f1_mean,validation_weighted_f1_std,validation_macro_precision_mean,validation_macro_precision_std,validation_macro_recall_mean,validation_macro_recall_std,cv_accuracy_mean,cv_accuracy_std,cv_macro_f1_mean,cv_macro_f1_std,cv_weighted_f1_mean,cv_weighted_f1_std,final_train_accuracy,final_train_macro_f1,final_train_weighted_f1,final_train_macro_precision,final_train_macro_recall,test_accuracy,test_macro_f1,test_weighted_f1,test_macro_precision,test_macro_recall,train_test_accuracy_gap,train_test_macro_f1_gap,train_test_weighted_f1_gap
traditional_lihc,B3_structural_context,3,0.6417685813710818,0.018224190304702723,0.4888811917471627,0.019567882454861903,0.6688732752246199,0.015565945203256595,0.4564509527231095,0.01542139182926189,0.5853451085936673,0.018625253191255874,0.6372675836327477,0.014414064255299563,0.3861539097807311,0.008496564726479186,0.6456867021404139,0.006685807417986409,0.39639730034036574,0.023479829725512148,0.4175842525569203,0.011727163253048536,0.6372675836327477,0.014414064255299563,0.3861539097807311,0.008496564726479186,0.6456867021404139,0.006685807417986409,0.7430160984848485,0.5970796047371231,0.7517239841774127,0.5661448216269338,0.6447858560164826,0.6407525736599219,0.4093449844286962,0.6510542242568825,0.3954337557131746,0.43524937649134277,0.10226352482492662,0.18773462030842686,0.10066975992053018
