dataset,model_name,k,train_accuracy_mean,train_accuracy_std,train_macro_f1_mean,train_macro_f1_std,train_weighted_f1_mean,train_weighted_f1_std,train_macro_precision_mean,train_macro_precision_std,train_macro_recall_mean,train_macro_recall_std,validation_accuracy_mean,validation_accuracy_std,validation_macro_f1_mean,validation_macro_f1_std,validation_weighted_f1_mean,validation_weighted_f1_std,validation_macro_precision_mean,validation_macro_precision_std,validation_macro_recall_mean,validation_macro_recall_std,cv_accuracy_mean,cv_accuracy_std,cv_macro_f1_mean,cv_macro_f1_std,cv_weighted_f1_mean,cv_weighted_f1_std,final_train_accuracy,final_train_macro_f1,final_train_weighted_f1,final_train_macro_precision,final_train_macro_recall,test_accuracy,test_macro_f1,test_weighted_f1,test_macro_precision,test_macro_recall,train_test_accuracy_gap,train_test_macro_f1_gap,train_test_weighted_f1_gap
traditional_lihc,B3_structural_context,3,0.5659958235388264,0.023493169769746254,0.4230671131790312,0.00829069601304091,0.6075799840476929,0.02178004362937046,0.4054790646937681,0.010543004089802117,0.5388942931379375,0.007721593817391529,0.593395464963242,0.03978267054171305,0.3840793610139366,0.02431536162881856,0.6199815921434985,0.024519171796971658,0.39682809699842253,0.020265651923210566,0.42868985234211543,0.0047653809382253364,0.593395464963242,0.03978267054171305,0.3840793610139366,0.02431536162881856,0.6199815921434985,0.024519171796971658,0.6792140151515151,0.5344290059662873,0.6989784607455504,0.4968899176312095,0.6088132083389866,0.6041888533901314,0.4040407557656329,0.6274411942063668,0.38510872198103185,0.4495816752351249,0.07502516176138374,0.13038825020065437,0.07153726653918357
