fold,train_size_raw,train_size_fit,validation_size,train_accuracy,train_macro_f1,train_weighted_f1,train_macro_precision,train_macro_recall,accuracy,macro_f1,weighted_f1,macro_precision,macro_recall,validation_accuracy,validation_macro_f1,validation_weighted_f1,validation_macro_precision,validation_macro_recall
1,5612,16124,2836,0.5997861724875267,0.45786168792025883,0.6413565447452361,0.4434584164730776,0.5893419879252051,0.6276445698166432,0.33651091236312236,0.6259191468351487,0.3365328838686623,0.34062519641493627,0.6276445698166432,0.33651091236312236,0.6259191468351487,0.3365328838686623,0.34062519641493627
2,5657,16376,2791,0.5946614813505392,0.46021587252433127,0.6326587026692458,0.4355519735187059,0.5907245284255409,0.5711214618416338,0.4000293991665278,0.6008242567284111,0.40079777670173977,0.42937028840593117,0.5711214618416338,0.4000293991665278,0.6008242567284111,0.40079777670173977,0.42937028840593117
3,5627,16100,2821,0.5288786209347788,0.4161885513163399,0.5717905924024566,0.40685219917242443,0.5752390596176344,0.6004962779156328,0.3683757700124619,0.61963936616783,0.37812108548361334,0.3678408701004948,0.6004962779156328,0.3683757700124619,0.61963936616783,0.37812108548361334,0.3678408701004948
