fold,train_size_raw,train_size_fit,validation_size,train_accuracy,train_macro_f1,train_weighted_f1,train_macro_precision,train_macro_recall,accuracy,macro_f1,weighted_f1,macro_precision,macro_recall,validation_accuracy,validation_macro_f1,validation_weighted_f1,validation_macro_precision,validation_macro_recall
1,5612,16124,2836,0.5046329294369208,0.4074346551459167,0.5522696968653102,0.4148149093795086,0.5724900084787707,0.5846262341325811,0.3779267619790912,0.6061049536001181,0.3639726571618696,0.4247935513507362,0.5846262341325811,0.3779267619790912,0.6061049536001181,0.3639726571618696,0.4247935513507362
2,5657,16376,2791,0.610747746155206,0.4712447704932371,0.64606495769335,0.44386970245556545,0.593176108571074,0.6295234682909352,0.3879780823092638,0.6379033473850364,0.38836060345553386,0.39658491267735047,0.6295234682909352,0.3879780823092638,0.6379033473850364,0.38836060345553386,0.39658491267735047
3,5627,16100,2821,0.5446952194775191,0.42728091024134673,0.5818298580548221,0.4105367099235785,0.555011358504212,0.6823821339950372,0.35312066708093803,0.6596572340673111,0.3955702532729339,0.3781182974149234,0.6823821339950372,0.35312066708093803,0.6596572340673111,0.3955702532729339,0.3781182974149234
