accuracy,macro_f1,weighted_f1,macro_precision,macro_recall,fold
0.657968970380818,0.30470238354729706,0.6146586320176137,0.39969804435535683,0.33513068250128103,1
0.5797205302758868,0.38225764684240104,0.6018122990264778,0.3756031358816967,0.3995009240568293,2
0.6061680255228642,0.37532415140971237,0.6221846927909671,0.3699504794988089,0.3911538406683234,3
