split,accuracy,macro_f1,weighted_f1,macro_precision,macro_recall
train_final,0.6772017045454546,0.5343232891182271,0.700321949384422,0.49396946327056857,0.6403898251235924
test,0.6201632942847001,0.4419231487944344,0.6486600226585293,0.4173279168523337,0.5263562424468997
