split,accuracy,macro_f1,weighted_f1,macro_precision,macro_recall
train_final,0.736032196969697,0.5940599939235214,0.747625527403345,0.5573088235126537,0.653213675437339
test,0.650692225772098,0.43569295879696235,0.6669708886649092,0.4171212239574652,0.470677770896486
