dataset,model_name,k,train_accuracy_mean,train_accuracy_std,train_macro_f1_mean,train_macro_f1_std,train_weighted_f1_mean,train_weighted_f1_std,train_macro_precision_mean,train_macro_precision_std,train_macro_recall_mean,train_macro_recall_std,validation_accuracy_mean,validation_accuracy_std,validation_macro_f1_mean,validation_macro_f1_std,validation_weighted_f1_mean,validation_weighted_f1_std,validation_macro_precision_mean,validation_macro_precision_std,validation_macro_recall_mean,validation_macro_recall_std,cv_accuracy_mean,cv_accuracy_std,cv_macro_f1_mean,cv_macro_f1_std,cv_weighted_f1_mean,cv_weighted_f1_std,final_train_accuracy,final_train_macro_f1,final_train_weighted_f1,final_train_macro_precision,final_train_macro_recall,test_accuracy,test_macro_f1,test_weighted_f1,test_macro_precision,test_macro_recall,train_test_accuracy_gap,train_test_macro_f1_gap,train_test_weighted_f1_gap
hqrtm_q60,B3_structural_context,3,0.5744420915909482,0.03954223069692821,0.4447553705869767,0.024767577974409014,0.6152686132723129,0.0379033882161537,0.42862086305473596,0.01926224300187999,0.5851018586561268,0.008569361598977589,0.5997541031913033,0.028268861867427865,0.36830536051403734,0.031759301937726823,0.6154609232437966,0.013058825227384075,0.3718172486846718,0.03259291152233104,0.37927878497378736,0.04546473645155169,0.5997541031913033,0.028268861867427865,0.36830536051403734,0.031759301937726823,0.6154609232437966,0.013058825227384075,0.736032196969697,0.5940599939235214,0.747625527403345,0.5573088235126537,0.653213675437339,0.650692225772098,0.43569295879696235,0.6669708886649092,0.4171212239574652,0.470677770896486,0.08533997119759906,0.15836703512655903,0.08065463873843581
