dataset,model_name,k,train_accuracy_mean,train_accuracy_std,train_macro_f1_mean,train_macro_f1_std,train_weighted_f1_mean,train_weighted_f1_std,train_macro_precision_mean,train_macro_precision_std,train_macro_recall_mean,train_macro_recall_std,validation_accuracy_mean,validation_accuracy_std,validation_macro_f1_mean,validation_macro_f1_std,validation_weighted_f1_mean,validation_weighted_f1_std,validation_macro_precision_mean,validation_macro_precision_std,validation_macro_recall_mean,validation_macro_recall_std,cv_accuracy_mean,cv_accuracy_std,cv_macro_f1_mean,cv_macro_f1_std,cv_weighted_f1_mean,cv_weighted_f1_std,final_train_accuracy,final_train_macro_f1,final_train_weighted_f1,final_train_macro_precision,final_train_macro_recall,test_accuracy,test_macro_f1,test_weighted_f1,test_macro_precision,test_macro_recall,train_test_accuracy_gap,train_test_macro_f1_gap,train_test_weighted_f1_gap
hqrtm_q60,B3_structural_context,3,0.5272801571045943,0.04120797110725458,0.4168690451003383,0.01724813423244169,0.5715509940121698,0.043746396081459096,0.4125544383665795,0.008882061027844545,0.573352746161829,0.00804527442536641,0.566090291694309,0.07939574474637094,0.37298990055276643,0.021223413120484525,0.5862304958270045,0.040536870025071,0.382030984246514,0.017709941752960593,0.4171933897191069,0.07308368287673998,0.566090291694309,0.07939574474637094,0.37298990055276643,0.021223413120484525,0.5862304958270045,0.040536870025071,0.7223011363636364,0.5773719245232032,0.7373197351299248,0.5381440009160108,0.6481076725194862,0.6396876109336174,0.4284027240596759,0.6599891039972848,0.4094108884207739,0.4708807566710955,0.08261352543001899,0.1489692004635273,0.07733063113263994
