dataset,model_name,k,cv_accuracy_mean,cv_accuracy_std,cv_macro_f1_mean,cv_macro_f1_std,cv_weighted_f1_mean,cv_weighted_f1_std,test_accuracy,test_macro_f1,test_weighted_f1,test_macro_precision,test_macro_recall
hqrtm_q60,B3_structural_context,3,0.6146191753931897,0.039802902473460154,0.3540947272664701,0.04291527762095315,0.6128852079450196,0.010301329119574472,0.6308129215477458,0.4424903788365153,0.6554241299076636,0.4184494850007799,0.5086752939551721
