dataset,model_name,k,train_accuracy_mean,train_accuracy_std,train_macro_f1_mean,train_macro_f1_std,train_weighted_f1_mean,train_weighted_f1_std,train_macro_precision_mean,train_macro_precision_std,train_macro_recall_mean,train_macro_recall_std,validation_accuracy_mean,validation_accuracy_std,validation_macro_f1_mean,validation_macro_f1_std,validation_weighted_f1_mean,validation_weighted_f1_std,validation_macro_precision_mean,validation_macro_precision_std,validation_macro_recall_mean,validation_macro_recall_std,cv_accuracy_mean,cv_accuracy_std,cv_macro_f1_mean,cv_macro_f1_std,cv_weighted_f1_mean,cv_weighted_f1_std,final_train_accuracy,final_train_macro_f1,final_train_weighted_f1,final_train_macro_precision,final_train_macro_recall,test_accuracy,test_macro_f1,test_weighted_f1,test_macro_precision,test_macro_recall,train_test_accuracy_gap,train_test_macro_f1_gap,train_test_weighted_f1_gap
hqrtm_q60,B3_structural_context,3,0.553358631689882,0.05358525557613589,0.43532011196016684,0.03265584600598327,0.5933881708711608,0.04795397465091146,0.42307377391955087,0.018136392430757833,0.573559158518019,0.019104825261470667,0.6321772788061845,0.048931952977249685,0.3730085037897643,0.017941621911428174,0.6345551783508219,0.026932682055831013,0.38263450463011245,0.016558779418132104,0.3998322538143367,0.02350646189536239,0.6321772788061845,0.048931952977249685,0.3730085037897643,0.017941621911428174,0.6345551783508219,0.026932682055831013,0.6772017045454546,0.5343232891182271,0.700321949384422,0.49396946327056857,0.6403898251235924,0.6201632942847001,0.4419231487944344,0.6486600226585293,0.4173279168523337,0.5263562424468997,0.05703841026075451,0.09240014032379273,0.05166192672589276
