fold,train_size_raw,train_size_fit,validation_size,train_accuracy,train_macro_f1,train_weighted_f1,train_macro_precision,train_macro_recall,accuracy,macro_f1,weighted_f1,macro_precision,macro_recall,validation_accuracy,validation_macro_f1,validation_weighted_f1,validation_macro_precision,validation_macro_recall
1,4296,12580,4152,0.5095437616387337,0.3831249252463409,0.5600873570023538,0.37849508226691636,0.5017513350134564,0.61247591522158,0.3687981205331737,0.6246611206569674,0.3625039637935737,0.39770746686524716,0.61247591522158,0.3687981205331737,0.6246611206569674,0.3625039637935737,0.39770746686524716
2,4152,12020,4296,0.6317437379576107,0.49553183900692865,0.6617266756423159,0.46009281885795345,0.6147006086274607,0.5074487895716946,0.3480407985664278,0.5606540363637117,0.34785638916817385,0.42514842203725023,0.5074487895716946,0.3480407985664278,0.5606540363637117,0.34785638916817385,0.42514842203725023
