fold,train_size_raw,train_size_fit,validation_size,train_accuracy,train_macro_f1,train_weighted_f1,train_macro_precision,train_macro_recall,accuracy,macro_f1,weighted_f1,macro_precision,macro_recall,validation_accuracy,validation_macro_f1,validation_weighted_f1,validation_macro_precision,validation_macro_recall
1,4296,12580,4152,0.6182495344506518,0.462447610680051,0.6500336081259999,0.4340679587132075,0.5435035101203037,0.6382466281310212,0.3741226882545909,0.6397802654975036,0.3664545280615689,0.40797349613963574,0.6382466281310212,0.3741226882545909,0.6397802654975036,0.3664545280615689,0.40797349613963574
2,4152,12020,4296,0.5503371868978806,0.4271545267281264,0.5935522864503956,0.40800983131811525,0.5538424212705255,0.5121042830540037,0.3399741982827761,0.5671078738882136,0.34287807628690814,0.42152005036980417,0.5121042830540037,0.3399741982827761,0.5671078738882136,0.34287807628690814,0.42152005036980417
