accuracy,macro_f1,weighted_f1,macro_precision,macro_recall,fold
0.5960982658959537,0.3450410929630332,0.613902879424705,0.3402182127200636,0.3857635273585044,1
0.5363128491620112,0.3446354604748655,0.5826236139777979,0.34619945806241537,0.41545289680820163,2
