split,accuracy,macro_f1,weighted_f1,macro_precision,macro_recall
train_final,0.7156723484848485,0.5730512075649103,0.7293692249887374,0.5365306195063639,0.632768229680075
test,0.6226482073127441,0.4029379695764581,0.6393963695338363,0.3867608596218608,0.4343004393719698
