dataset,model_name,k,train_accuracy_mean,train_accuracy_std,train_macro_f1_mean,train_macro_f1_std,train_weighted_f1_mean,train_weighted_f1_std,train_macro_precision_mean,train_macro_precision_std,train_macro_recall_mean,train_macro_recall_std,validation_accuracy_mean,validation_accuracy_std,validation_macro_f1_mean,validation_macro_f1_std,validation_weighted_f1_mean,validation_weighted_f1_std,validation_macro_precision_mean,validation_macro_precision_std,validation_macro_recall_mean,validation_macro_recall_std,cv_accuracy_mean,cv_accuracy_std,cv_macro_f1_mean,cv_macro_f1_std,cv_weighted_f1_mean,cv_weighted_f1_std,final_train_accuracy,final_train_macro_f1,final_train_weighted_f1,final_train_macro_precision,final_train_macro_recall,test_accuracy,test_macro_f1,test_weighted_f1,test_macro_precision,test_macro_recall,train_test_accuracy_gap,train_test_macro_f1_gap,train_test_weighted_f1_gap
traditional_lihc,B3_structural_context,2,0.5706437497981722,0.08640843191591346,0.4393283821266348,0.07948369097236305,0.6109070163223349,0.07186985144549747,0.4192939505624349,0.057698312872996003,0.5582259718204585,0.07986719730255723,0.5599623523966373,0.07426539275556553,0.3584194595498007,0.01467764312195851,0.5926575785103396,0.04525984334774009,0.35518017648087374,0.010357399345556231,0.4114279444512487,0.019403685484359435,0.5599623523966373,0.07426539275556553,0.3584194595498007,0.01467764312195851,0.5926575785103396,0.04525984334774009,0.6592092803030303,0.5155544574084231,0.6847147759638543,0.47783542965633524,0.6072645691432755,0.5889243876464324,0.407674169499663,0.6180423736087115,0.3870922933382822,0.4666271152837388,0.07028489265659787,0.10788028790876009,0.06667240235514282
