dataset,model_name,k,train_accuracy_mean,train_accuracy_std,train_macro_f1_mean,train_macro_f1_std,train_weighted_f1_mean,train_weighted_f1_std,train_macro_precision_mean,train_macro_precision_std,train_macro_recall_mean,train_macro_recall_std,validation_accuracy_mean,validation_accuracy_std,validation_macro_f1_mean,validation_macro_f1_std,validation_weighted_f1_mean,validation_weighted_f1_std,validation_macro_precision_mean,validation_macro_precision_std,validation_macro_recall_mean,validation_macro_recall_std,cv_accuracy_mean,cv_accuracy_std,cv_macro_f1_mean,cv_macro_f1_std,cv_weighted_f1_mean,cv_weighted_f1_std,final_train_accuracy,final_train_macro_f1,final_train_weighted_f1,final_train_macro_precision,final_train_macro_recall,test_accuracy,test_macro_f1,test_weighted_f1,test_macro_precision,test_macro_recall,train_test_accuracy_gap,train_test_macro_f1_gap,train_test_weighted_f1_gap
traditional_lihc,B3_structural_context,2,0.5699185154088762,0.04587962347334482,0.439802936032763,0.03876530131631554,0.6095004752898847,0.036745844928488834,0.4192748330739225,0.025473737541156522,0.5499740721170716,0.03321526689297432,0.5370111731843575,0.0655094271211001,0.3505666887247004,0.029496611342015148,0.5795861620275629,0.04795907028328659,0.3481805978104849,0.022277360831554686,0.4109788229154867,0.009555519592288208,0.5370111731843575,0.0655094271211001,0.3505666887247004,0.029496611342015148,0.5795861620275629,0.04795907028328659,0.7156723484848485,0.5730512075649103,0.7293692249887374,0.5365306195063639,0.632768229680075,0.6226482073127441,0.4029379695764581,0.6393963695338363,0.3867608596218608,0.4343004393719698,0.09302414117210445,0.17011323798845224,0.08997285545490108
