accuracy,macro_f1,weighted_f1,macro_precision,macro_recall,fold
0.6407488986784141,0.34788370673185737,0.6355119400875013,0.3417553165902084,0.3648164584985618,1
0.5596212896622313,0.36567257909593875,0.5957160773756863,0.3603855988440319,0.39456106874282615,2
