accuracy,macro_f1,weighted_f1,macro_precision,macro_recall,fold
0.6158477842003853,0.3716733357268547,0.6279756429014394,0.3647473623173662,0.39885728332389786,1
0.4988361266294227,0.33098318551219985,0.546622458823209,0.33158575010352465,0.3861556131380216,2
