dataset,model_name,k,cv_accuracy_mean,cv_accuracy_std,cv_macro_f1_mean,cv_macro_f1_std,cv_weighted_f1_mean,cv_weighted_f1_std,test_accuracy,test_macro_f1,test_weighted_f1,test_macro_precision,test_macro_recall
traditional_lihc,B1_structural,2,0.5573419554149041,0.08273973654630588,0.35132826061952727,0.028772281144281684,0.5872990508623241,0.05752538813283414,0.5321263755768548,0.35239582686353044,0.5728809112561711,0.34352236989818624,0.4088005655882301
