dataset,model_name,k,train_accuracy_mean,train_accuracy_std,train_macro_f1_mean,train_macro_f1_std,train_weighted_f1_mean,train_weighted_f1_std,train_macro_precision_mean,train_macro_precision_std,train_macro_recall_mean,train_macro_recall_std,validation_accuracy_mean,validation_accuracy_std,validation_macro_f1_mean,validation_macro_f1_std,validation_weighted_f1_mean,validation_weighted_f1_std,validation_macro_precision_mean,validation_macro_precision_std,validation_macro_recall_mean,validation_macro_recall_std,cv_accuracy_mean,cv_accuracy_std,cv_macro_f1_mean,cv_macro_f1_std,cv_weighted_f1_mean,cv_weighted_f1_std,final_train_accuracy,final_train_macro_f1,final_train_weighted_f1,final_train_macro_precision,final_train_macro_recall,test_accuracy,test_macro_f1,test_weighted_f1,test_macro_precision,test_macro_recall,train_test_accuracy_gap,train_test_macro_f1_gap,train_test_weighted_f1_gap
traditional_lihc,B1_structural,2,0.5961493955931583,0.0026525733118428606,0.45261968178641426,0.01828364777544161,0.6322417713473567,0.0005279013759764555,0.42716152494397186,0.015304206231525525,0.5472463841476914,0.008307436106289636,0.547664987459769,0.08518489917594582,0.35596990896858927,0.033666202928870584,0.5814808808510589,0.0643035530320637,0.352882291764428,0.026517222177435604,0.4051124185954842,0.017156433828997966,0.547664987459769,0.08518489917594582,0.35596990896858927,0.033666202928870584,0.5814808808510589,0.0643035530320637,0.5788352272727273,0.44283503470784635,0.6158911552570334,0.41791906133115286,0.5395317367959975,0.5264465743698971,0.3522752758513985,0.5673468437183465,0.34323516850827346,0.4090874480757789,0.052388652902830235,0.09055975885644785,0.04854431153868688
