dataset,model_name,k,cv_accuracy_mean,cv_accuracy_std,cv_macro_f1_mean,cv_macro_f1_std,cv_weighted_f1_mean,cv_weighted_f1_std,test_accuracy,test_macro_f1,test_weighted_f1,test_macro_precision,test_macro_recall
traditional_lihc,B1_structural,2,0.6001850941703227,0.05736588247679373,0.3567781429138981,0.01257863227830392,0.6156140087315938,0.02813992438669326,0.5995740149094781,0.3799748749527677,0.6221575417698973,0.3669686232495426,0.4116842069913906
