accuracy,macro_f1,weighted_f1,macro_precision,macro_recall,fold
0.569328760411563,0.3616965184157701,0.5913885250437626,0.34676578007945935,0.4041576461347909,1
0.49344405594405594,0.28330213198276066,0.5606643991411745,0.2972009408296605,0.3401216172699978,2
0.5273250239693192,0.35245644823263683,0.5671837582136071,0.3511457853446188,0.3949263934736701,3
0.5991146089522873,0.3495808159069497,0.618255370715081,0.34275127771632163,0.36335794245086284,4
