accuracy,macro_f1,weighted_f1,macro_precision,macro_recall,fold
0.43895966029723993,0.3564586518677908,0.455907964214661,0.35390335774287435,0.45109702530920887,1
0.4083295608872793,0.35643847032081305,0.4305482466380311,0.3642891748867988,0.42308858512277603,2
0.4380445304937077,0.3594860558604144,0.4605922673046267,0.35331682433716094,0.41680127450751614,3
0.30275229357798167,0.26877956572351547,0.3400739954811236,0.31110989201083816,0.35394239313285814,4
