dataset,model_name,k,train_accuracy_mean,train_accuracy_std,train_macro_f1_mean,train_macro_f1_std,train_weighted_f1_mean,train_weighted_f1_std,train_macro_precision_mean,train_macro_precision_std,train_macro_recall_mean,train_macro_recall_std,validation_accuracy_mean,validation_accuracy_std,validation_macro_f1_mean,validation_macro_f1_std,validation_weighted_f1_mean,validation_weighted_f1_std,validation_macro_precision_mean,validation_macro_precision_std,validation_macro_recall_mean,validation_macro_recall_std,cv_accuracy_mean,cv_accuracy_std,cv_macro_f1_mean,cv_macro_f1_std,cv_weighted_f1_mean,cv_weighted_f1_std,final_train_accuracy,final_train_macro_f1,final_train_weighted_f1,final_train_macro_precision,final_train_macro_recall,test_accuracy,test_macro_f1,test_weighted_f1,test_macro_precision,test_macro_recall,train_test_accuracy_gap,train_test_macro_f1_gap,train_test_weighted_f1_gap
hqrtm_q65,B1_structural,4,0.5386324829309425,0.009402245050826322,0.387463197058723,0.013228068427855816,0.5856007610593047,0.008657440305272143,0.3795067425675611,0.008651409162896778,0.506303092531244,0.02934444834175109,0.5320824137049031,0.04257065124790485,0.33971483789957985,0.04053188893816265,0.574743961825909,0.026484916660190073,0.33714910283754407,0.027158288582981756,0.39595297186209577,0.02608390737428014,0.5320824137049031,0.04257065124790485,0.33971483789957985,0.04053188893816265,0.574743961825909,0.026484916660190073,0.5623816287878788,0.41626291645714136,0.6023292391041004,0.3961601593539882,0.532783463388587,0.531416400425985,0.35227477087822373,0.5761367548641588,0.3471450596584096,0.41944064892785476,0.03096522836189375,0.06398814557891763,0.026192484239941582
