dataset,model_name,k,cv_accuracy_mean,cv_accuracy_std,cv_macro_f1_mean,cv_macro_f1_std,cv_weighted_f1_mean,cv_weighted_f1_std,test_accuracy,test_macro_f1,test_weighted_f1,test_macro_precision,test_macro_recall
hqrtm_q65,B1_structural,4,0.3970215113140521,0.06443667134086424,0.3352906859431334,0.04436386143313355,0.4217806184096106,0.056047192486264795,0.39829605963791265,0.3226616481108504,0.43191297977264836,0.33138762587773385,0.37520737554136513
