accuracy,macro_f1,weighted_f1,macro_precision,macro_recall,fold
0.70661853188929,0.3501883173092444,0.6894117619114066,0.3586672860455211,0.35768153082327603,1
0.593990216631726,0.3636464091564465,0.6179247508431058,0.3520287692098222,0.4039758172216039,2
