dataset,model_name,k,train_accuracy_mean,train_accuracy_std,train_macro_f1_mean,train_macro_f1_std,train_weighted_f1_mean,train_weighted_f1_std,train_macro_precision_mean,train_macro_precision_std,train_macro_recall_mean,train_macro_recall_std,validation_accuracy_mean,validation_accuracy_std,validation_macro_f1_mean,validation_macro_f1_std,validation_weighted_f1_mean,validation_weighted_f1_std,validation_macro_precision_mean,validation_macro_precision_std,validation_macro_recall_mean,validation_macro_recall_std,cv_accuracy_mean,cv_accuracy_std,cv_macro_f1_mean,cv_macro_f1_std,cv_weighted_f1_mean,cv_weighted_f1_std,final_train_accuracy,final_train_macro_f1,final_train_weighted_f1,final_train_macro_precision,final_train_macro_recall,test_accuracy,test_macro_f1,test_weighted_f1,test_macro_precision,test_macro_recall,train_test_accuracy_gap,train_test_macro_f1_gap,train_test_weighted_f1_gap
hqrtm_q70,B2_structural_socioeconomic,2,0.5424291580366325,0.09795450739121726,0.43958309772150644,0.05091798401908965,0.6090294261844388,0.08207417684371829,0.5073661732761218,0.000429146625380427,0.5777397749430557,0.05290431931898744,0.5054111259955549,0.05854836370508479,0.37001297317355386,0.010808442628323398,0.5688551108154465,0.06826207905024972,0.45602941148906856,0.06149210493337298,0.46217311919067017,0.003981009203590686,0.5054111259955549,0.05854836370508479,0.37001297317355386,0.010808442628323398,0.5688551108154465,0.06826207905024972,0.6548295454545454,0.4856371679693996,0.6916902956727615,0.46764125452680483,0.5776094476380165,0.6357827476038339,0.459194368819128,0.6728179813992126,0.4458296696041387,0.5464015123811754,0.019046797850711505,0.02644279915027159,0.018872314273548962
