accuracy,macro_f1,weighted_f1,macro_precision,macro_recall,fold
0.6180412371134021,0.3694169891349192,0.6307222743430069,0.3587060138460295,0.40097665630840984,1
0.5390909090909091,0.37146457844277886,0.5717329716394162,0.39505843684175146,0.4188698743735828,2
0.6429215509467989,0.3552353874455335,0.6440655774428987,0.35725702340658405,0.3794514839051032,3
0.6028708133971292,0.3528690737071588,0.619491815169386,0.34565336721369117,0.40101246362732057,4
