accuracy,macro_f1,weighted_f1,macro_precision,macro_recall,fold
0.4200710479573712,0.31113150262143763,0.4762173189312588,0.33351166645749075,0.4066302525512778,1
0.5834666666666667,0.41082539824716036,0.6175056676715711,0.392465762061861,0.48506947330974426,2
0.5131118881118881,0.3091317884402158,0.564273242781705,0.3161427549288192,0.36147060178848667,3
0.6035415641908509,0.3684132435777957,0.6185383255320354,0.35779809980980315,0.39792370241001535,4
