dataset,model_name,k,cv_accuracy_mean,cv_accuracy_std,cv_macro_f1_mean,cv_macro_f1_std,cv_weighted_f1_mean,cv_weighted_f1_std,test_accuracy,test_macro_f1,test_weighted_f1,test_macro_precision,test_macro_recall
traditional_lihc,B1_structural,4,0.6007311276370598,0.0442860644247789,0.36224650718259754,0.009547786964179699,0.616503159648677,0.031491649123536254,0.5995740149094781,0.3799748749527677,0.6221575417698973,0.3669686232495426,0.4116842069913906
