dataset,model_name,k,train_accuracy_mean,train_accuracy_std,train_macro_f1_mean,train_macro_f1_std,train_weighted_f1_mean,train_weighted_f1_std,train_macro_precision_mean,train_macro_precision_std,train_macro_recall_mean,train_macro_recall_std,validation_accuracy_mean,validation_accuracy_std,validation_macro_f1_mean,validation_macro_f1_std,validation_weighted_f1_mean,validation_weighted_f1_std,validation_macro_precision_mean,validation_macro_precision_std,validation_macro_recall_mean,validation_macro_recall_std,cv_accuracy_mean,cv_accuracy_std,cv_macro_f1_mean,cv_macro_f1_std,cv_weighted_f1_mean,cv_weighted_f1_std,final_train_accuracy,final_train_macro_f1,final_train_weighted_f1,final_train_macro_precision,final_train_macro_recall,test_accuracy,test_macro_f1,test_weighted_f1,test_macro_precision,test_macro_recall,train_test_accuracy_gap,train_test_macro_f1_gap,train_test_weighted_f1_gap
traditional_lihc,B1_structural,4,0.5596096961087704,0.03243269414485104,0.4121393937100635,0.0456091840202591,0.60194451335057,0.024134808664957957,0.3945650165855406,0.03484842577335336,0.5193022659889273,0.03843203467681558,0.5252469610087047,0.07407852836944123,0.35482937387867447,0.04918446367534103,0.5680241675529707,0.06418068294599857,0.35402899614174976,0.03540190290884712,0.4211634282931178,0.05365521726959549,0.5252469610087047,0.07407852836944123,0.35482937387867447,0.04918446367534103,0.5680241675529707,0.06418068294599857,0.5788352272727273,0.44283503470784635,0.6158911552570334,0.41791906133115286,0.5395317367959975,0.5264465743698971,0.3522752758513985,0.5673468437183465,0.34323516850827346,0.4090874480757789,0.052388652902830235,0.09055975885644785,0.04854431153868688
