dataset,model_name,k,cv_accuracy_mean,cv_accuracy_std,cv_macro_f1_mean,cv_macro_f1_std,cv_weighted_f1_mean,cv_weighted_f1_std,test_accuracy,test_macro_f1,test_weighted_f1,test_macro_precision,test_macro_recall
traditional_lihc,B1_structural,4,0.5300477917316943,0.08293897313129091,0.3498754832216524,0.04905672022543945,0.5691336387291426,0.06692717981918246,0.5143769968051118,0.34427203728495026,0.5596173244391381,0.3382073912386965,0.4095334879190453
