accuracy,macro_f1,weighted_f1,macro_precision,macro_recall,fold
0.6719653179190751,0.3988190393031965,0.6636623678613192,0.42489968937682554,0.43448464830576977,1
0.5421322160148976,0.38246561090252684,0.5823118793300495,0.37020405208132456,0.4359982603413286,2
