fold,train_size_raw,train_size_fit,validation_size,train_accuracy,train_macro_f1,train_weighted_f1,train_macro_precision,train_macro_recall,accuracy,macro_f1,weighted_f1,macro_precision,macro_recall,validation_accuracy,validation_macro_f1,validation_weighted_f1,validation_macro_precision,validation_macro_recall
1,4296,12580,4152,0.6217411545623837,0.45433440250957013,0.6557819809418608,0.4549786698800967,0.49262508806047794,0.5532273603082851,0.39690868814801544,0.592813564369218,0.42194644006504706,0.4359537245640075,0.5532273603082851,0.39690868814801544,0.592813564369218,0.42194644006504706,0.4359537245640075
2,4152,12020,4296,0.7810693641618497,0.665265124122263,0.7813062979503329,0.6596844992021487,0.6711200009321656,0.5963687150837989,0.38426773786328206,0.6175002083697999,0.37440311929492,0.40931956421396165,0.5963687150837989,0.38426773786328206,0.6175002083697999,0.37440311929492,0.40931956421396165
