fold,train_size_raw,train_size_fit,validation_size,train_accuracy,train_macro_f1,train_weighted_f1,train_macro_precision,train_macro_recall,accuracy,macro_f1,weighted_f1,macro_precision,macro_recall,validation_accuracy,validation_macro_f1,validation_weighted_f1,validation_macro_precision,validation_macro_recall
1,4296,12580,4152,0.7155493482309124,0.6047306671231533,0.7413076670424932,0.5772743217362512,0.6715722880756396,0.6575144508670521,0.41982421221925076,0.6599982338215702,0.4448739183716771,0.41864584431743024,0.6575144508670521,0.41982421221925076,0.6599982338215702,0.4448739183716771,0.41864584431743024
2,4152,12020,4296,0.7273603082851637,0.6280026374550702,0.7437865039656374,0.6054201196595952,0.6637768958159243,0.5540037243947858,0.3859762352349101,0.5911290369965994,0.3767453657744729,0.4270289133133196,0.5540037243947858,0.3859762352349101,0.5911290369965994,0.3767453657744729,0.4270289133133196
