split,accuracy,macro_f1,weighted_f1,macro_precision,macro_recall
train_final,0.8441051136363636,0.7001525605417611,0.8236536634634366,0.743529796386968,0.6843498063945606
test,0.7912673056443025,0.5487243338031534,0.7600017101497394,0.5861424958709485,0.5415546652129839
