split,accuracy,macro_f1,weighted_f1,macro_precision,macro_recall
train_final,0.8321496212121212,0.6858675990280051,0.8157694115620235,0.7122038584443053,0.6744776061706838
test,0.7870074547390842,0.5605764014846825,0.7624234123850023,0.5821060206099082,0.5556039763400414
