dataset,model_name,k,train_accuracy_mean,train_accuracy_std,train_macro_f1_mean,train_macro_f1_std,train_weighted_f1_mean,train_weighted_f1_std,train_macro_precision_mean,train_macro_precision_std,train_macro_recall_mean,train_macro_recall_std,validation_accuracy_mean,validation_accuracy_std,validation_macro_f1_mean,validation_macro_f1_std,validation_weighted_f1_mean,validation_weighted_f1_std,validation_macro_precision_mean,validation_macro_precision_std,validation_macro_recall_mean,validation_macro_recall_std,cv_accuracy_mean,cv_accuracy_std,cv_macro_f1_mean,cv_macro_f1_std,cv_weighted_f1_mean,cv_weighted_f1_std,final_train_accuracy,final_train_macro_f1,final_train_weighted_f1,final_train_macro_precision,final_train_macro_recall,test_accuracy,test_macro_f1,test_weighted_f1,test_macro_precision,test_macro_recall,train_test_accuracy_gap,train_test_macro_f1_gap,train_test_weighted_f1_gap
traditional_lihc,B4_structural_context_socioeconomic,2,0.748125692941949,0.060554404951775234,0.6294250407040229,0.0660457962326169,0.7604442599897663,0.03912005550240907,0.6153840653576519,0.08521515971618407,0.6675701841289492,0.013743233798097013,0.6465208932088997,0.04722398720707292,0.4100779980868572,0.013406163565503478,0.6535153673429352,0.03140330837235827,0.41371037433632907,0.026326483109433824,0.4250570408141029,0.005234258374032072,0.6465208932088997,0.04722398720707292,0.4100779980868572,0.013406163565503478,0.6535153673429352,0.03140330837235827,0.8441051136363636,0.7001525605417611,0.8236536634634366,0.743529796386968,0.6843498063945606,0.7912673056443025,0.5487243338031534,0.7600017101497394,0.5861424958709485,0.5415546652129839,0.05283780799206117,0.15142822673860767,0.06365195331369722
