dataset,model_name,k,cv_accuracy_mean,cv_accuracy_std,cv_macro_f1_mean,cv_macro_f1_std,cv_weighted_f1_mean,cv_weighted_f1_std,test_accuracy,test_macro_f1,test_weighted_f1,test_macro_precision,test_macro_recall
traditional_lihc,B4_structural_context_socioeconomic,2,0.6070487669669864,0.09180586677892798,0.3906423251028617,0.011563620117762198,0.6229871235956843,0.057523482093299265,0.6918707845225417,0.5325729018040598,0.7069452329318046,0.5080759665327722,0.574940763099135
