dataset,model_name,k,train_accuracy_mean,train_accuracy_std,train_macro_f1_mean,train_macro_f1_std,train_weighted_f1_mean,train_weighted_f1_std,train_macro_precision_mean,train_macro_precision_std,train_macro_recall_mean,train_macro_recall_std,validation_accuracy_mean,validation_accuracy_std,validation_macro_f1_mean,validation_macro_f1_std,validation_weighted_f1_mean,validation_weighted_f1_std,validation_macro_precision_mean,validation_macro_precision_std,validation_macro_recall_mean,validation_macro_recall_std,cv_accuracy_mean,cv_accuracy_std,cv_macro_f1_mean,cv_macro_f1_std,cv_weighted_f1_mean,cv_weighted_f1_std,final_train_accuracy,final_train_macro_f1,final_train_weighted_f1,final_train_macro_precision,final_train_macro_recall,test_accuracy,test_macro_f1,test_weighted_f1,test_macro_precision,test_macro_recall,train_test_accuracy_gap,train_test_macro_f1_gap,train_test_weighted_f1_gap
traditional_lihc,B4_structural_context_socioeconomic,2,0.7014052593621167,0.112662057442094,0.5597997633159166,0.149150543612907,0.7185441394460969,0.08875909576050052,0.5573315845411226,0.14474888006203893,0.5818725444963218,0.12621496329887233,0.574798037696042,0.030505544511340403,0.3905882130056487,0.008938501666976998,0.6051568863695089,0.017456093377549702,0.3981747796799835,0.03361820451668408,0.4226366443889846,0.018833195394727286,0.574798037696042,0.030505544511340403,0.3905882130056487,0.008938501666976998,0.6051568863695089,0.017456093377549702,0.8057528409090909,0.650896091253944,0.796592579816101,0.6546950152990993,0.6511427737734817,0.7586084487042953,0.5345444038619569,0.7440720981462428,0.541517377804565,0.533586470454003,0.047144392204795604,0.11635168739198709,0.05252048166985823
