accuracy,macro_f1,weighted_f1,macro_precision,macro_recall,fold
0.6064903846153846,0.3757773622619904,0.6106865043975832,0.3626200389976041,0.4374072558836546,1
0.6268656716417911,0.36771832201505394,0.6334845870302943,0.4174839000867143,0.35524385364901784,2
