dataset,model_name,k,train_accuracy_mean,train_accuracy_std,train_macro_f1_mean,train_macro_f1_std,train_weighted_f1_mean,train_weighted_f1_std,train_macro_precision_mean,train_macro_precision_std,train_macro_recall_mean,train_macro_recall_std,validation_accuracy_mean,validation_accuracy_std,validation_macro_f1_mean,validation_macro_f1_std,validation_weighted_f1_mean,validation_weighted_f1_std,validation_macro_precision_mean,validation_macro_precision_std,validation_macro_recall_mean,validation_macro_recall_std,cv_accuracy_mean,cv_accuracy_std,cv_macro_f1_mean,cv_macro_f1_std,cv_weighted_f1_mean,cv_weighted_f1_std,final_train_accuracy,final_train_macro_f1,final_train_weighted_f1,final_train_macro_precision,final_train_macro_recall,test_accuracy,test_macro_f1,test_weighted_f1,test_macro_precision,test_macro_recall,train_test_accuracy_gap,train_test_macro_f1_gap,train_test_weighted_f1_gap
hqrtm_q60,B2_structural_socioeconomic,2,0.6310078214695752,0.13529962595960018,0.5229661523654201,0.07315966292310183,0.6618153476320563,0.11795793653830305,0.5056988578809477,0.051908191410787646,0.6406925712888486,0.012715329732666618,0.5702802095292767,0.008034612428307226,0.37885172520360877,0.01358579962812295,0.5972364526057637,0.005487972147291377,0.37746478449876164,0.031448001719870056,0.43894689749347804,0.002570281589635236,0.5702802095292767,0.008034612428307226,0.37885172520360877,0.01358579962812295,0.5972364526057637,0.005487972147291377,0.6773200757575758,0.537886509938698,0.6994012717716209,0.5074562120808418,0.6105447058571414,0.6499822506212283,0.48884478901382056,0.6738451589910026,0.4669594440228672,0.5479018497880295,0.027337825136347527,0.04904172092487746,0.025556112780618312
