accuracy,macro_f1,weighted_f1,macro_precision,macro_recall,fold
0.6403197158081705,0.3659713242048599,0.6405361918431126,0.4690678885896252,0.35445738426159484,1
0.6912,0.46336054365745105,0.6843071380898256,0.4544441343224478,0.4944970578469645,2
0.5769230769230769,0.3407664265877142,0.6032280107865293,0.3540316657079149,0.37753154443622716,3
0.7466797835710772,0.41806939535411114,0.6987160862805711,0.5154938637943995,0.40607979803231575,4
