fold,train_size_raw,train_size_fit,validation_size,train_accuracy,train_macro_f1,train_weighted_f1,train_macro_precision,train_macro_recall,accuracy,macro_f1,weighted_f1,macro_precision,macro_recall,validation_accuracy,validation_macro_f1,validation_weighted_f1,validation_macro_precision,validation_macro_recall
1,6196,18000,2252,0.724015493867011,0.5939627072110231,0.7432089555511913,0.5634735813899067,0.6527424033941062,0.5772646536412078,0.37967203776019587,0.6045256067111253,0.4609556606648989,0.39734474621752647,0.5772646536412078,0.37967203776019587,0.6045256067111253,0.4609556606648989,0.39734474621752647
2,6573,19192,1875,0.581926061159288,0.4554789634565053,0.6244688712995159,0.4359425142929091,0.5755553506488574,0.5856,0.47602827395279956,0.6323806006959052,0.46772126120473334,0.5731007098980591,0.5856,0.47602827395279956,0.6323806006959052,0.46772126120473334,0.5731007098980591
3,6160,17816,2288,0.6978896103896104,0.5922861417454182,0.7251779600040211,0.5738594724068545,0.6586879490856279,0.5402097902097902,0.33099038909699224,0.5813020355867351,0.3256252322382518,0.38481930189501645,0.5402097902097902,0.33099038909699224,0.5813020355867351,0.3256252322382518,0.38481930189501645
4,6415,18792,2033,0.6603273577552611,0.5115872192267461,0.686130273862876,0.47811957098051805,0.5968436389417002,0.6743728480078701,0.44182023609734455,0.6738251479822783,0.4339416971080965,0.46162586427878755,0.6743728480078701,0.44182023609734455,0.6738251479822783,0.4339416971080965,0.46162586427878755
