fold,train_size_raw,train_size_fit,validation_size,train_accuracy,train_macro_f1,train_weighted_f1,train_macro_precision,train_macro_recall,accuracy,macro_f1,weighted_f1,macro_precision,macro_recall,validation_accuracy,validation_macro_f1,validation_weighted_f1,validation_macro_precision,validation_macro_recall
1,6196,18000,2252,0.6730148482892189,0.5550898028027511,0.7034669474988304,0.5252694540903107,0.6403617131062952,0.5452930728241563,0.37646542021005514,0.5804865896992545,0.5027541402778068,0.4233349526560195,0.5452930728241563,0.37646542021005514,0.5804865896992545,0.5027541402778068,0.4233349526560195
2,6573,19192,1875,0.6926821846949642,0.5681223988658413,0.7188330845861111,0.5412985384241145,0.6366582151543282,0.664,0.5050186946306989,0.6865082853348284,0.4867657758428544,0.5385647090427758,0.664,0.5050186946306989,0.6865082853348284,0.4867657758428544,0.5385647090427758
3,6160,17816,2288,0.7521103896103896,0.6305154536424471,0.7655772170987045,0.6092452669931623,0.6632931837778524,0.5511363636363636,0.33865352552697714,0.5849686844773855,0.3536409970166501,0.3856177620607574,0.5511363636363636,0.33865352552697714,0.5849686844773855,0.3536409970166501,0.3856177620607574
4,6415,18792,2033,0.61153546375682,0.49274532538539806,0.6496557110688927,0.46748289893524364,0.5971967170146857,0.6419085095917364,0.42253900261027766,0.6599257424084858,0.42181960107930894,0.45725922297821586,0.6419085095917364,0.42253900261027766,0.6599257424084858,0.42181960107930894,0.45725922297821586
