split,accuracy,macro_f1,weighted_f1,macro_precision,macro_recall
train_final,0.8071732954545454,0.6395950950209892,0.7949331065755139,0.6452252612219995,0.6411739834631894
test,0.7735179268725595,0.5675872274574654,0.754883758432752,0.5793251609819418,0.5645630146919091
