dataset,model_name,k,train_accuracy_mean,train_accuracy_std,train_macro_f1_mean,train_macro_f1_std,train_weighted_f1_mean,train_weighted_f1_std,train_macro_precision_mean,train_macro_precision_std,train_macro_recall_mean,train_macro_recall_std,validation_accuracy_mean,validation_accuracy_std,validation_macro_f1_mean,validation_macro_f1_std,validation_weighted_f1_mean,validation_weighted_f1_std,validation_macro_precision_mean,validation_macro_precision_std,validation_macro_recall_mean,validation_macro_recall_std,cv_accuracy_mean,cv_accuracy_std,cv_macro_f1_mean,cv_macro_f1_std,cv_weighted_f1_mean,cv_weighted_f1_std,final_train_accuracy,final_train_macro_f1,final_train_weighted_f1,final_train_macro_precision,final_train_macro_recall,test_accuracy,test_macro_f1,test_weighted_f1,test_macro_precision,test_macro_recall,train_test_accuracy_gap,train_test_macro_f1_gap,train_test_weighted_f1_gap
traditional_lihc,B4_structural_context_socioeconomic,4,0.6643469513968382,0.04542109081172539,0.5453134176737298,0.046464569563543084,0.6953871218635475,0.03808075947168952,0.5210467678443074,0.045273261632931286,0.6259911274503515,0.032787085391146456,0.6061163362423986,0.04941626284802327,0.41398184239814073,0.06512799143484845,0.633999977579284,0.04131053561659821,0.4178906608338214,0.05820891495077578,0.45852920048791,0.07446324834555969,0.6061163362423986,0.04941626284802327,0.41398184239814073,0.06512799143484845,0.633999977579284,0.04131053561659821,0.8071732954545454,0.6395950950209892,0.7949331065755139,0.6452252612219995,0.6411739834631894,0.7735179268725595,0.5675872274574654,0.754883758432752,0.5793251609819418,0.5645630146919091,0.03365536858198592,0.07200786756352384,0.04004934814276184
