dataset,model_name,k,train_accuracy_mean,train_accuracy_std,train_macro_f1_mean,train_macro_f1_std,train_weighted_f1_mean,train_weighted_f1_std,train_macro_precision_mean,train_macro_precision_std,train_macro_recall_mean,train_macro_recall_std,validation_accuracy_mean,validation_accuracy_std,validation_macro_f1_mean,validation_macro_f1_std,validation_weighted_f1_mean,validation_weighted_f1_std,validation_macro_precision_mean,validation_macro_precision_std,validation_macro_recall_mean,validation_macro_recall_std,cv_accuracy_mean,cv_accuracy_std,cv_macro_f1_mean,cv_macro_f1_std,cv_weighted_f1_mean,cv_weighted_f1_std,final_train_accuracy,final_train_macro_f1,final_train_weighted_f1,final_train_macro_precision,final_train_macro_recall,test_accuracy,test_macro_f1,test_weighted_f1,test_macro_precision,test_macro_recall,train_test_accuracy_gap,train_test_macro_f1_gap,train_test_weighted_f1_gap
traditional_lihc,B4_structural_context_socioeconomic,4,0.6660396307927926,0.06186906755200579,0.5383287579099232,0.06729470983994144,0.694746515179401,0.05256065640329521,0.512848784767547,0.0668477543074803,0.6209573355175729,0.04113676511633701,0.594361822964717,0.05687204796877673,0.407127734226833,0.06455376222564037,0.6230083477440109,0.03979620795041956,0.42206096280399513,0.06592587339603155,0.45422265557234737,0.08609824112344742,0.594361822964717,0.05687204796877673,0.407127734226833,0.06455376222564037,0.6230083477440109,0.03979620795041956,0.82421875,0.6601991180008104,0.8065005374634745,0.683989721851076,0.6527089020004915,0.7749378771742989,0.5443999348221663,0.7490660032862887,0.5641406480022788,0.5403981779338012,0.04928087282570115,0.11579918317864413,0.0574345341771858
