dataset,model_name,k,cv_accuracy_mean,cv_accuracy_std,cv_macro_f1_mean,cv_macro_f1_std,cv_weighted_f1_mean,cv_weighted_f1_std,test_accuracy,test_macro_f1,test_weighted_f1,test_macro_precision,test_macro_recall
traditional_lihc,B4_structural_context_socioeconomic,4,0.6637806440755811,0.07238494441807647,0.3970419224510341,0.05468890090151612,0.6566968567500097,0.04338981395406529,0.7589634362797302,0.5576533219770865,0.7466032801649573,0.5631698337285915,0.5566707643945796
