dataset,model_name,k,train_accuracy_mean,train_accuracy_std,train_macro_f1_mean,train_macro_f1_std,train_weighted_f1_mean,train_weighted_f1_std,train_macro_precision_mean,train_macro_precision_std,train_macro_recall_mean,train_macro_recall_std,validation_accuracy_mean,validation_accuracy_std,validation_macro_f1_mean,validation_macro_f1_std,validation_weighted_f1_mean,validation_weighted_f1_std,validation_macro_precision_mean,validation_macro_precision_std,validation_macro_recall_mean,validation_macro_recall_std,cv_accuracy_mean,cv_accuracy_std,cv_macro_f1_mean,cv_macro_f1_std,cv_weighted_f1_mean,cv_weighted_f1_std,final_train_accuracy,final_train_macro_f1,final_train_weighted_f1,final_train_macro_precision,final_train_macro_recall,test_accuracy,test_macro_f1,test_weighted_f1,test_macro_precision,test_macro_recall,train_test_accuracy_gap,train_test_macro_f1_gap,train_test_weighted_f1_gap
traditional_lihc,B4_structural_context_socioeconomic,4,0.6823357215878482,0.0579514416975452,0.5616182451741094,0.05649551306665473,0.7093832400631347,0.047782293980256706,0.5358240396107078,0.058316828765903224,0.6343774572632903,0.02744412420325601,0.6005844865130641,0.06118676196140688,0.4106691607445022,0.07164466780064076,0.6279723254799885,0.053390659893693806,0.44124512855415504,0.06808652052821954,0.45119416168444215,0.06518383549492057,0.6005844865130641,0.06118676196140688,0.4106691607445022,0.07164466780064076,0.6279723254799885,0.053390659893693806,0.8293087121212122,0.6904847080489405,0.8155205414880854,0.7113818737658372,0.6800583824776096,0.7763578274760383,0.5431284917289568,0.7548418070490115,0.5607939027560152,0.5380477268805306,0.052950884645173835,0.14735621631998364,0.0606787344390739
