fold,train_size_raw,train_size_fit,validation_size,train_accuracy,train_macro_f1,train_weighted_f1,train_macro_precision,train_macro_recall,accuracy,macro_f1,weighted_f1,macro_precision,macro_recall,validation_accuracy,validation_macro_f1,validation_weighted_f1,validation_macro_precision,validation_macro_recall
1,5612,16368,2836,0.5213827512473271,0.40405090555651657,0.5809499831049534,0.42209629666443516,0.5698801472286283,0.5468970380818053,0.36369847374253866,0.5840360637094831,0.36138064418291804,0.42996372893461754,0.5468970380818053,0.36369847374253866,0.5840360637094831,0.36138064418291804,0.42996372893461754
2,5657,16776,2791,0.5626657238819162,0.43155888089346994,0.6087046863065984,0.4140969087316273,0.5819368428414322,0.6406305983518452,0.40208132342994307,0.6480740067123381,0.3951793351179022,0.4181089632909549,0.6406305983518452,0.40208132342994307,0.6480740067123381,0.3951793351179022,0.4181089632909549
3,5627,16384,2821,0.46898880398080683,0.38519603751343356,0.5139652406951442,0.395327018030844,0.5809472220804076,0.7266926621765332,0.30967184422667504,0.6681137361929317,0.2817390875969474,0.3447753080967224,0.7266926621765332,0.30967184422667504,0.6681137361929317,0.2817390875969474,0.3447753080967224
