accuracy,macro_f1,weighted_f1,macro_precision,macro_recall,fold
0.6928772919605077,0.3300393215478864,0.6594167958034955,0.3493567136886102,0.3441932252665336,1
0.5446076675026872,0.3772638482378179,0.5818222314606617,0.37741224963035175,0.4076061852191453,2
0.7532789790854307,0.32447406184270017,0.6840908342292298,0.30812390565454734,0.3452513610613306,3
