fold,train_size_raw,train_size_fit,validation_size,train_accuracy,train_macro_f1,train_weighted_f1,train_macro_precision,train_macro_recall,accuracy,macro_f1,weighted_f1,macro_precision,macro_recall,validation_accuracy,validation_macro_f1,validation_weighted_f1,validation_macro_precision,validation_macro_recall
1,5612,16368,2836,0.546863863150392,0.41312307583585917,0.6020772735311744,0.4200600408259487,0.5682919467142455,0.6057827926657263,0.36921691008162927,0.6346977188347179,0.3639782640702983,0.39467538909118893,0.6057827926657263,0.36921691008162927,0.6346977188347179,0.3639782640702983,0.39467538909118893
2,5657,16776,2791,0.6340816687290083,0.4788362133699837,0.6685494981904782,0.4459182663354469,0.5971316198310439,0.5302758867789323,0.35480920346683564,0.5675318939443155,0.3504870614737199,0.39808981307430025,0.5302758867789323,0.35480920346683564,0.5675318939443155,0.3504870614737199,0.39808981307430025
3,5627,16384,2821,0.4110538475208815,0.3562011233187942,0.4475963343002139,0.39246968707182234,0.5750267589074746,0.6990428925912797,0.3752805093244329,0.6680033103164632,0.39478823751304887,0.39310518453419635,0.6990428925912797,0.3752805093244329,0.6680033103164632,0.39478823751304887,0.39310518453419635
