split,accuracy,macro_f1,weighted_f1,macro_precision,macro_recall
train_final,0.7049005681818182,0.5548755690743827,0.72112502562595,0.516589889950091,0.6251610960899701
test,0.6446574369897053,0.43757696817168273,0.6638655906926675,0.4147327078532846,0.48582299756090275
