split,accuracy,macro_f1,weighted_f1,macro_precision,macro_recall
train_final,0.6274857954545454,0.47601461794199784,0.6598411428957063,0.44340510359587193,0.5985984226550977
test,0.5992190273340433,0.4238983562930577,0.6352713728708843,0.4025732064288332,0.5298400873417328
