dataset,model_name,k,train_accuracy_mean,train_accuracy_std,train_macro_f1_mean,train_macro_f1_std,train_weighted_f1_mean,train_weighted_f1_std,train_macro_precision_mean,train_macro_precision_std,train_macro_recall_mean,train_macro_recall_std,validation_accuracy_mean,validation_accuracy_std,validation_macro_f1_mean,validation_macro_f1_std,validation_weighted_f1_mean,validation_weighted_f1_std,validation_macro_precision_mean,validation_macro_precision_std,validation_macro_recall_mean,validation_macro_recall_std,cv_accuracy_mean,cv_accuracy_std,cv_macro_f1_mean,cv_macro_f1_std,cv_weighted_f1_mean,cv_weighted_f1_std,final_train_accuracy,final_train_macro_f1,final_train_weighted_f1,final_train_macro_precision,final_train_macro_recall,test_accuracy,test_macro_f1,test_weighted_f1,test_macro_precision,test_macro_recall,train_test_accuracy_gap,train_test_macro_f1_gap,train_test_weighted_f1_gap
hqrtm_q65,B3_structural_context,3,0.530666459800094,0.11239270067348783,0.4160534708415457,0.061370039425870125,0.572741035340622,0.11336020603218355,0.41948266474440593,0.02672896703353204,0.5801501084842546,0.015087021559451857,0.6117005240119794,0.084538986396402,0.3664355409576326,0.010515255656985497,0.6234109743651656,0.051177820659902055,0.369751187685689,0.02270778577754238,0.3952901288998952,0.002548540601012807,0.6117005240119794,0.084538986396402,0.3664355409576326,0.010515255656985497,0.6234109743651656,0.051177820659902055,0.7049005681818182,0.5548755690743827,0.72112502562595,0.516589889950091,0.6251610960899701,0.6446574369897053,0.43757696817168273,0.6638655906926675,0.4147327078532846,0.48582299756090275,0.060243131192112886,0.1172986009027,0.05725943493328256
