dataset,model_name,k,cv_accuracy_mean,cv_accuracy_std,cv_macro_f1_mean,cv_macro_f1_std,cv_weighted_f1_mean,cv_weighted_f1_std,test_accuracy,test_macro_f1,test_weighted_f1,test_macro_precision,test_macro_recall
hqrtm_q65,B3_structural_context,3,0.6635879795162086,0.10737470343153663,0.3439257438761348,0.02900542933175436,0.6417766204977957,0.05336758020250366,0.6315228966986155,0.4329789693787688,0.658418367129814,0.4098450502509373,0.5009501715812396
