dataset,model_name,k,train_accuracy_mean,train_accuracy_std,train_macro_f1_mean,train_macro_f1_std,train_weighted_f1_mean,train_weighted_f1_std,train_macro_precision_mean,train_macro_precision_std,train_macro_recall_mean,train_macro_recall_std,validation_accuracy_mean,validation_accuracy_std,validation_macro_f1_mean,validation_macro_f1_std,validation_weighted_f1_mean,validation_weighted_f1_std,validation_macro_precision_mean,validation_macro_precision_std,validation_macro_recall_mean,validation_macro_recall_std,cv_accuracy_mean,cv_accuracy_std,cv_macro_f1_mean,cv_macro_f1_std,cv_weighted_f1_mean,cv_weighted_f1_std,final_train_accuracy,final_train_macro_f1,final_train_weighted_f1,final_train_macro_precision,final_train_macro_recall,test_accuracy,test_macro_f1,test_weighted_f1,test_macro_precision,test_macro_recall,train_test_accuracy_gap,train_test_macro_f1_gap,train_test_weighted_f1_gap
hqrtm_q65,B3_structural_context,3,0.5176790930366834,0.046948153783143216,0.4069352746544734,0.023315617092206285,0.5678733033688986,0.04870462301856909,0.4105067411423022,0.01374101696128384,0.5775880707168227,0.006693571594265402,0.6380734328700611,0.08992508511188126,0.35848388046638563,0.04642490655813518,0.633407935538251,0.04391564624733481,0.3460996889659225,0.05824348146927466,0.3976160001074316,0.04614366604686403,0.6380734328700611,0.08992508511188126,0.35848388046638563,0.04642490655813518,0.633407935538251,0.04391564624733481,0.6274857954545454,0.47601461794199784,0.6598411428957063,0.44340510359587193,0.5985984226550977,0.5992190273340433,0.4238983562930577,0.6352713728708843,0.4025732064288332,0.5298400873417328,0.028266768120502106,0.05211626164894012,0.02456977002482197
