accuracy,macro_f1,weighted_f1,macro_precision,macro_recall,fold
0.6502115655853314,0.3554427470332485,0.6334693078746259,0.3560403367777013,0.3769531654334449,1
0.6209243998566822,0.4407983091079288,0.645955672375785,0.4350310880147561,0.4671235644516464,2
0.5767458348103509,0.3486258191006222,0.5926523411843939,0.3375310781383355,0.3731337340180735,3
