dataset,model_name,k,cv_accuracy_mean,cv_accuracy_std,cv_macro_f1_mean,cv_macro_f1_std,cv_weighted_f1_mean,cv_weighted_f1_std,test_accuracy,test_macro_f1,test_weighted_f1,test_macro_precision,test_macro_recall
hqrtm_q60,B2_structural_socioeconomic,3,0.6159606000841215,0.036983548784723666,0.3816222917472665,0.05136115652525465,0.6240257738116015,0.027878244756878185,0.6318778842740504,0.48007410975933223,0.6610309055238054,0.4594177307980471,0.5525176874170448
