dataset,model_name,k,train_accuracy_mean,train_accuracy_std,train_macro_f1_mean,train_macro_f1_std,train_weighted_f1_mean,train_weighted_f1_std,train_macro_precision_mean,train_macro_precision_std,train_macro_recall_mean,train_macro_recall_std,validation_accuracy_mean,validation_accuracy_std,validation_macro_f1_mean,validation_macro_f1_std,validation_weighted_f1_mean,validation_weighted_f1_std,validation_macro_precision_mean,validation_macro_precision_std,validation_macro_recall_mean,validation_macro_recall_std,cv_accuracy_mean,cv_accuracy_std,cv_macro_f1_mean,cv_macro_f1_std,cv_weighted_f1_mean,cv_weighted_f1_std,final_train_accuracy,final_train_macro_f1,final_train_weighted_f1,final_train_macro_precision,final_train_macro_recall,test_accuracy,test_macro_f1,test_weighted_f1,test_macro_precision,test_macro_recall,train_test_accuracy_gap,train_test_macro_f1_gap,train_test_weighted_f1_gap
hqrtm_q60,B2_structural_socioeconomic,3,0.6100895791393722,0.07169065640337448,0.4887484310518488,0.06238041716781257,0.6525912042681141,0.05047251964320084,0.49808753972780445,0.04551504623831168,0.5937527196712554,0.03024788766946433,0.5842582825737849,0.023508320069667375,0.3946118086749422,0.06155065569401672,0.6159575574513063,0.03427490752087214,0.4359352803941457,0.08082020100327218,0.4281649190628751,0.06754246141272141,0.5842582825737849,0.023508320069667375,0.3946118086749422,0.06155065569401672,0.6159575574513063,0.03427490752087214,0.803030303030303,0.6656649164570922,0.7949658304360178,0.6823118637793414,0.6531522791479668,0.7532836350727724,0.5459885519020267,0.7448772546957881,0.5564565196109473,0.5379406683895485,0.04974666795753058,0.11967636455506558,0.050088575740229624
