fold,train_size_raw,train_size_fit,validation_size,train_accuracy,train_macro_f1,train_weighted_f1,train_macro_precision,train_macro_recall,accuracy,macro_f1,weighted_f1,macro_precision,macro_recall,validation_accuracy,validation_macro_f1,validation_weighted_f1,validation_macro_precision,validation_macro_recall
1,6362,18572,2086,0.6420936812323169,0.4560703146084163,0.6651654975694625,0.45721547727747996,0.517601674036093,0.7416107382550335,0.4680279525120023,0.6969694296987982,0.48698617248079157,0.502297290268659,0.7416107382550335,0.4680279525120023,0.6969694296987982,0.48698617248079157,0.502297290268659
2,6005,16844,2443,0.7380516236469609,0.6074416378670585,0.7439257132717357,0.5917729622341116,0.6289114051288651,0.621367171510438,0.40852203810244847,0.6527306918768845,0.38661715132669855,0.4683625566551757,0.621367171510438,0.40852203810244847,0.6527306918768845,0.38661715132669855,0.4683625566551757
3,6415,18548,2033,0.5222135619641465,0.43026211453830343,0.5792662768655861,0.46950212345257075,0.5845709241774408,0.5764879488440728,0.43090596977984236,0.6255118124388854,0.49641999610022614,0.4718316914637568,0.5764879488440728,0.43090596977984236,0.6255118124388854,0.49641999610022614,0.4718316914637568
4,6562,18936,1886,0.7116732703444072,0.5573167345354741,0.729508880844253,0.5258608179609879,0.6268028806514103,0.6320254506892895,0.341518581265125,0.6104603619149314,0.3483049862672432,0.35180331553630184,0.6320254506892895,0.341518581265125,0.6104603619149314,0.3483049862672432,0.35180331553630184
