dataset,model_name,k,train_accuracy_mean,train_accuracy_std,train_macro_f1_mean,train_macro_f1_std,train_weighted_f1_mean,train_weighted_f1_std,train_macro_precision_mean,train_macro_precision_std,train_macro_recall_mean,train_macro_recall_std,validation_accuracy_mean,validation_accuracy_std,validation_macro_f1_mean,validation_macro_f1_std,validation_weighted_f1_mean,validation_weighted_f1_std,validation_macro_precision_mean,validation_macro_precision_std,validation_macro_recall_mean,validation_macro_recall_std,cv_accuracy_mean,cv_accuracy_std,cv_macro_f1_mean,cv_macro_f1_std,cv_weighted_f1_mean,cv_weighted_f1_std,final_train_accuracy,final_train_macro_f1,final_train_weighted_f1,final_train_macro_precision,final_train_macro_recall,test_accuracy,test_macro_f1,test_weighted_f1,test_macro_precision,test_macro_recall,train_test_accuracy_gap,train_test_macro_f1_gap,train_test_weighted_f1_gap
hqrtm_q60,B2_structural_socioeconomic,4,0.6535080342969578,0.09643536541067821,0.512772700387313,0.08360529495173959,0.6794665921377594,0.07506404697066588,0.5110878452312876,0.061535716224642385,0.5894717209984524,0.05208462865117993,0.6428728273247084,0.0700863418878126,0.41224363541485454,0.05315404132952833,0.6464180739823748,0.03797067964583727,0.4295820765437398,0.07351754421839118,0.4485737134809733,0.06629043288251393,0.6428728273247084,0.0700863418878126,0.41224363541485454,0.05315404132952833,0.6464180739823748,0.03797067964583727,0.7675189393939394,0.6083695816483031,0.7654089865681988,0.6008230574541489,0.6173393220377194,0.7326943556975506,0.5368924541948386,0.7307747264702175,0.5341943003216498,0.5403583984539538,0.034824583696388856,0.07147712745346457,0.03463426009798132
