dataset,model_name,k,cv_accuracy_mean,cv_accuracy_std,cv_macro_f1_mean,cv_macro_f1_std,cv_weighted_f1_mean,cv_weighted_f1_std,test_accuracy,test_macro_f1,test_weighted_f1,test_macro_precision,test_macro_recall
hqrtm_q60,B2_structural_socioeconomic,4,0.6764782077969946,0.053966101265655,0.3877387447472483,0.06679024589302784,0.6541479255931716,0.03963849694617377,0.7099751508697195,0.5177860975243745,0.716591202077115,0.5052336525223677,0.5367886753684485
