fold,train_size_raw,train_size_fit,validation_size,train_accuracy,train_macro_f1,train_weighted_f1,train_macro_precision,train_macro_recall,accuracy,macro_f1,weighted_f1,macro_precision,macro_recall,validation_accuracy,validation_macro_f1,validation_weighted_f1,validation_macro_precision,validation_macro_recall
1,5612,16696,2836,0.5486457590876693,0.4140456769910395,0.6041485943577172,0.41674092667861296,0.5744557047711808,0.5899153737658674,0.35689528107709123,0.6337692114706113,0.35210602000345814,0.4057532432884766,0.5899153737658674,0.35689528107709123,0.6337692114706113,0.35210602000345814,0.4057532432884766
2,5627,16768,2821,0.5525146614537053,0.411550097179444,0.6010973124172097,0.3995703799513915,0.5835796153923762,0.6643034384969869,0.3466019651379768,0.6702115734458638,0.3487636699897041,0.3549688790472201,0.6643034384969869,0.3466019651379768,0.6702115734458638,0.3487636699897041,0.3549688790472201
3,5657,17232,2791,0.5377408520417182,0.39935308797031865,0.5928755374645758,0.39034891810798067,0.56459873278249,0.5979935506986743,0.3747990868360457,0.6213758260331927,0.36691715275875914,0.4069696296037355,0.5979935506986743,0.3747990868360457,0.6213758260331927,0.36691715275875914,0.4069696296037355
