accuracy,macro_f1,weighted_f1,macro_precision,macro_recall,fold
0.7002820874471086,0.3395669698443149,0.6804918929544839,0.38387789743130807,0.34807519590638913,1
0.7415809996455158,0.34043998455858027,0.7027168130709633,0.3466823278176228,0.345354913903301,2
0.6230741669652454,0.3613276303138652,0.6351799879408012,0.34975347687134506,0.3915247284749387,3
