fold,train_size_raw,train_size_fit,validation_size,train_accuracy,train_macro_f1,train_weighted_f1,train_macro_precision,train_macro_recall,accuracy,macro_f1,weighted_f1,macro_precision,macro_recall,validation_accuracy,validation_macro_f1,validation_weighted_f1,validation_macro_precision,validation_macro_recall
1,5612,16696,2836,0.6674982181040627,0.49119542142104244,0.697239823308005,0.4596274148739943,0.6118549190913751,0.7165021156558533,0.35335205046100937,0.6934048444974104,0.3985840181625605,0.35545928013826544,0.7165021156558533,0.35335205046100937,0.6934048444974104,0.3985840181625605,0.35545928013826544
2,5627,16768,2821,0.43753332148569396,0.37260936659982935,0.4838210675670725,0.40068168230804124,0.5940170069365591,0.7415809996455158,0.34043998455858027,0.7027168130709633,0.3466823278176228,0.345354913903301,0.7415809996455158,0.34043998455858027,0.7027168130709633,0.3466823278176228,0.345354913903301
3,5657,17232,2791,0.6422131872016971,0.47108890718254093,0.6794010857585419,0.436743112616665,0.6004069204475385,0.6119670369043354,0.37163904488077376,0.6304017327060547,0.3626095063361293,0.39412367971522033,0.6119670369043354,0.37163904488077376,0.6304017327060547,0.3626095063361293,0.39412367971522033
