split,accuracy,macro_f1,weighted_f1,macro_precision,macro_recall
train_final,0.6710464015151515,0.5091934508008229,0.7000077176113102,0.4690825270180089,0.6276920021672249
test,0.615193468228612,0.40578520695357656,0.6493173486836341,0.3878915508961175,0.47312686378114854
