split,accuracy,macro_f1,weighted_f1,macro_precision,macro_recall
train_final,0.6821732954545454,0.5193591894190376,0.7079476742811962,0.477366221086975,0.6279324341837312
test,0.6173233936812211,0.40493149193005445,0.6491364097804346,0.385795394867926,0.4690184711417603
