dataset,model_name,k,train_accuracy_mean,train_accuracy_std,train_macro_f1_mean,train_macro_f1_std,train_weighted_f1_mean,train_weighted_f1_std,train_macro_precision_mean,train_macro_precision_std,train_macro_recall_mean,train_macro_recall_std,validation_accuracy_mean,validation_accuracy_std,validation_macro_f1_mean,validation_macro_f1_std,validation_weighted_f1_mean,validation_weighted_f1_std,validation_macro_precision_mean,validation_macro_precision_std,validation_macro_recall_mean,validation_macro_recall_std,cv_accuracy_mean,cv_accuracy_std,cv_macro_f1_mean,cv_macro_f1_std,cv_weighted_f1_mean,cv_weighted_f1_std,final_train_accuracy,final_train_macro_f1,final_train_weighted_f1,final_train_macro_precision,final_train_macro_recall,test_accuracy,test_macro_f1,test_weighted_f1,test_macro_precision,test_macro_recall,train_test_accuracy_gap,train_test_macro_f1_gap,train_test_weighted_f1_gap
hqrtm_q70,B3_structural_context,3,0.5824149089304846,0.12610645892390002,0.44496456506780424,0.06346277678853009,0.6201539922112064,0.11840420134377407,0.43235073659956685,0.029717327811243366,0.6020929488251575,0.009037687551488807,0.6900167174019015,0.06874628771701677,0.35514369330012113,0.015676505646800645,0.6755077967581428,0.03933949606161745,0.3692919507721042,0.026588299360721972,0.36497929125226225,0.025740456258823884,0.6900167174019015,0.06874628771701677,0.35514369330012113,0.015676505646800645,0.6755077967581428,0.03933949606161745,0.6980350378787878,0.5235488490438301,0.7196062932804961,0.48296294089554975,0.6162314111452708,0.6400425985090522,0.41190992923729497,0.664312408104438,0.3920991201698442,0.4659048004575078,0.05799243936973564,0.11163891980653518,0.055293885176058044
