dataset,model_name,k,train_accuracy_mean,train_accuracy_std,train_macro_f1_mean,train_macro_f1_std,train_weighted_f1_mean,train_weighted_f1_std,train_macro_precision_mean,train_macro_precision_std,train_macro_recall_mean,train_macro_recall_std,validation_accuracy_mean,validation_accuracy_std,validation_macro_f1_mean,validation_macro_f1_std,validation_weighted_f1_mean,validation_weighted_f1_std,validation_macro_precision_mean,validation_macro_precision_std,validation_macro_recall_mean,validation_macro_recall_std,cv_accuracy_mean,cv_accuracy_std,cv_macro_f1_mean,cv_macro_f1_std,cv_weighted_f1_mean,cv_weighted_f1_std,final_train_accuracy,final_train_macro_f1,final_train_weighted_f1,final_train_macro_precision,final_train_macro_recall,test_accuracy,test_macro_f1,test_weighted_f1,test_macro_precision,test_macro_recall,train_test_accuracy_gap,train_test_macro_f1_gap,train_test_weighted_f1_gap
hqrtm_q70,B3_structural_context,3,0.5463004241943643,0.007661057887573074,0.40831628738026743,0.007862009119550154,0.5993738147465009,0.00583080492682654,0.4022200749126617,0.013394035674094553,0.5742113509820156,0.009492800310934621,0.6174041209871762,0.04081634136965193,0.3594321110170379,0.014268708687967667,0.6417855369832226,0.02538559950802146,0.3559289475839738,0.009661693206989912,0.3892305839798107,0.029677739428449017,0.6174041209871762,0.04081634136965193,0.3594321110170379,0.014268708687967667,0.6417855369832226,0.02538559950802146,0.6821732954545454,0.5193591894190376,0.7079476742811962,0.477366221086975,0.6279324341837312,0.6173233936812211,0.40493149193005445,0.6491364097804346,0.385795394867926,0.4690184711417603,0.06484990177332428,0.11442769748898313,0.05881126450076157
