accuracy,macro_f1,weighted_f1,macro_precision,macro_recall,fold
0.5017381228273464,0.3365278120737185,0.5475931605581085,0.33232586620440363,0.41453603463407385,1
0.5758528913622066,0.3400126402176434,0.6097584259076063,0.336270487416117,0.3763644106538169,2
