accuracy,macro_f1,weighted_f1,macro_precision,macro_recall,fold
0.3708133971291866,0.3189365132978502,0.4041018965136074,0.3346830798029357,0.4354047347501191,1
0.4135426429240862,0.3371295848447833,0.4378948911338172,0.3514710222858106,0.38400692404017267,2
