dataset,model_name,k,cv_accuracy_mean,cv_accuracy_std,cv_macro_f1_mean,cv_macro_f1_std,cv_weighted_f1_mean,cv_weighted_f1_std,test_accuracy,test_macro_f1,test_weighted_f1,test_macro_precision,test_macro_recall
hqrtm_q65,B1_structural,2,0.3921780200266364,0.03021413945656029,0.32803304907131675,0.012864444261448399,0.4209983938237123,0.023895255652550865,0.3965211217607384,0.3221820140040752,0.4317237604970517,0.3332368140937815,0.37955352499786366
