dataset,model_name,k,train_accuracy_mean,train_accuracy_std,train_macro_f1_mean,train_macro_f1_std,train_weighted_f1_mean,train_weighted_f1_std,train_macro_precision_mean,train_macro_precision_std,train_macro_recall_mean,train_macro_recall_std,validation_accuracy_mean,validation_accuracy_std,validation_macro_f1_mean,validation_macro_f1_std,validation_weighted_f1_mean,validation_weighted_f1_std,validation_macro_precision_mean,validation_macro_precision_std,validation_macro_recall_mean,validation_macro_recall_std,cv_accuracy_mean,cv_accuracy_std,cv_macro_f1_mean,cv_macro_f1_std,cv_weighted_f1_mean,cv_weighted_f1_std,final_train_accuracy,final_train_macro_f1,final_train_weighted_f1,final_train_macro_precision,final_train_macro_recall,test_accuracy,test_macro_f1,test_weighted_f1,test_macro_precision,test_macro_recall,train_test_accuracy_gap,train_test_macro_f1_gap,train_test_weighted_f1_gap
hqrtm_q65,B1_structural,2,0.5654226965001196,0.020909691704481786,0.42195559933267957,0.0034503736224008198,0.6063526122465257,0.019596960872739558,0.4031911177214535,0.006493814615938828,0.546466439465989,0.03367044145123722,0.5464942739653901,0.04494111526861407,0.34213639616517055,0.0008386086401988422,0.5842922036741809,0.03955630640214107,0.33613031282593564,0.002872908184614506,0.3947290837561723,0.020346439384777912,0.5464942739653901,0.04494111526861407,0.34213639616517055,0.0008386086401988422,0.5842922036741809,0.03955630640214107,0.5477035984848485,0.3992338804246707,0.591272040742073,0.3844631546350884,0.5150888834129752,0.5236066737664182,0.3539049801603755,0.5698044360602008,0.3480570979375889,0.4395061363837075,0.02409692471843028,0.04532890026429515,0.021467604681872143
