fold,train_size_raw,train_size_fit,validation_size,train_accuracy,train_macro_f1,train_weighted_f1,train_macro_precision,train_macro_recall,accuracy,macro_f1,weighted_f1,macro_precision,macro_recall,validation_accuracy,validation_macro_f1,validation_weighted_f1,validation_macro_precision,validation_macro_recall
1,4293,12704,4155,0.7519217330538085,0.6437071160327882,0.778435348632011,0.6064354875676061,0.7502313388988929,0.7157641395908544,0.4061271902193059,0.7150181254811625,0.4314394757248281,0.4253424601031985,0.7157641395908544,0.4061271902193059,0.7150181254811625,0.4314394757248281,0.4253424601031985
2,4155,12644,4293,0.6283995186522262,0.5089194874264297,0.6797417910312714,0.5016642282729571,0.6258979212774441,0.6750524109014675,0.4402423898110348,0.6929162254967113,0.42623856705430174,0.4646545855426725,0.6750524109014675,0.4402423898110348,0.6929162254967113,0.42623856705430174,0.4646545855426725
