fold,train_size_raw,train_size_fit,validation_size,train_accuracy,train_macro_f1,train_weighted_f1,train_macro_precision,train_macro_recall,accuracy,macro_f1,weighted_f1,macro_precision,macro_recall,validation_accuracy,validation_macro_f1,validation_weighted_f1,validation_macro_precision,validation_macro_recall
1,4293,12704,4155,0.709061262520382,0.5923111455795358,0.7447534824957963,0.5642981529196927,0.7339488707830245,0.76028880866426,0.40812509661906143,0.721245242937709,0.5313671631737478,0.38130354400996247,0.76028880866426,0.40812509661906143,0.721245242937709,0.5313671631737478,0.38130354400996247
2,4155,12644,4293,0.6669073405535499,0.5136338026202834,0.7068100649502429,0.49515058389344446,0.6062507475488225,0.5718611693454461,0.4109898051414374,0.6134462915738974,0.41747739999885436,0.4638970101563519,0.5718611693454461,0.4109898051414374,0.6134462915738974,0.41747739999885436,0.4638970101563519
