accuracy,macro_f1,weighted_f1,macro_precision,macro_recall,fold
0.7104693140794224,0.3964782047405035,0.7090227185719136,0.4075657236041923,0.42729140798411946,1
0.7109247612392267,0.4328097082554536,0.7054575770983172,0.42946985310877767,0.45542227428951426,2
