split,accuracy,macro_f1,weighted_f1,macro_precision,macro_recall
train_final,0.7314157196969697,0.5861382806888671,0.7592079514651252,0.5555767254242521,0.6738909696106974
test,0.7046503372381967,0.5505402937162398,0.7320250946084238,0.5276000169407404,0.6195855583567788
