split,accuracy,macro_f1,weighted_f1,macro_precision,macro_recall
train_final,0.7420691287878788,0.5984457403342185,0.7683974586877175,0.5700151800603648,0.6742235558491363
test,0.7117500887468938,0.5539120017540059,0.7369362799419098,0.5333932720668071,0.6084329336654072
