dataset,model_name,k,train_accuracy_mean,train_accuracy_std,train_macro_f1_mean,train_macro_f1_std,train_weighted_f1_mean,train_weighted_f1_std,train_macro_precision_mean,train_macro_precision_std,train_macro_recall_mean,train_macro_recall_std,validation_accuracy_mean,validation_accuracy_std,validation_macro_f1_mean,validation_macro_f1_std,validation_weighted_f1_mean,validation_weighted_f1_std,validation_macro_precision_mean,validation_macro_precision_std,validation_macro_recall_mean,validation_macro_recall_std,cv_accuracy_mean,cv_accuracy_std,cv_macro_f1_mean,cv_macro_f1_std,cv_weighted_f1_mean,cv_weighted_f1_std,final_train_accuracy,final_train_macro_f1,final_train_weighted_f1,final_train_macro_precision,final_train_macro_recall,test_accuracy,test_macro_f1,test_weighted_f1,test_macro_precision,test_macro_recall,train_test_accuracy_gap,train_test_macro_f1_gap,train_test_weighted_f1_gap
hqrtm_q70,B4_structural_context_socioeconomic,2,0.6901606258530173,0.08734339543053746,0.5763133017296089,0.09530924620760999,0.7290885698316412,0.0697868838389081,0.5540498579202816,0.07408446792070043,0.6880646300881685,0.08791700272822542,0.695408275246161,0.02878753943009238,0.42318479001517034,0.024123088972844063,0.703967175488937,0.01562840335611231,0.4288390213895649,0.0036775977892611013,0.4449985228229355,0.02779787048110828,0.695408275246161,0.02878753943009238,0.42318479001517034,0.024123088972844063,0.703967175488937,0.01562840335611231,0.7314157196969697,0.5861382806888671,0.7592079514651252,0.5555767254242521,0.6738909696106974,0.7046503372381967,0.5505402937162398,0.7320250946084238,0.5276000169407404,0.6195855583567788,0.026765382458773024,0.03559798697262728,0.02718285685670141
