dataset,model_name,k,train_accuracy_mean,train_accuracy_std,train_macro_f1_mean,train_macro_f1_std,train_weighted_f1_mean,train_weighted_f1_std,train_macro_precision_mean,train_macro_precision_std,train_macro_recall_mean,train_macro_recall_std,validation_accuracy_mean,validation_accuracy_std,validation_macro_f1_mean,validation_macro_f1_std,validation_weighted_f1_mean,validation_weighted_f1_std,validation_macro_precision_mean,validation_macro_precision_std,validation_macro_recall_mean,validation_macro_recall_std,cv_accuracy_mean,cv_accuracy_std,cv_macro_f1_mean,cv_macro_f1_std,cv_weighted_f1_mean,cv_weighted_f1_std,final_train_accuracy,final_train_macro_f1,final_train_weighted_f1,final_train_macro_precision,final_train_macro_recall,test_accuracy,test_macro_f1,test_weighted_f1,test_macro_precision,test_macro_recall,train_test_accuracy_gap,train_test_macro_f1_gap,train_test_weighted_f1_gap
hqrtm_q70,B4_structural_context_socioeconomic,2,0.687984301536966,0.029807324076355543,0.5529724740999096,0.05563328273222707,0.7257817737230197,0.026830047847853446,0.5297243684065686,0.04889471496102497,0.6700998091659235,0.09029620888369969,0.666074989004853,0.13323846152530625,0.4095574508802494,0.002025654822294942,0.6673457672558032,0.07622536951414999,0.47442228158630106,0.08053222384869707,0.42260027708315717,0.05840239999381349,0.666074989004853,0.13323846152530625,0.4095574508802494,0.002025654822294942,0.6673457672558032,0.07622536951414999,0.7420691287878788,0.5984457403342185,0.7683974586877175,0.5700151800603648,0.6742235558491363,0.7117500887468938,0.5539120017540059,0.7369362799419098,0.5333932720668071,0.6084329336654072,0.030319040040984957,0.04453373858021259,0.03146117874580767
