dataset,model_name,k,train_accuracy_mean,train_accuracy_std,train_macro_f1_mean,train_macro_f1_std,train_weighted_f1_mean,train_weighted_f1_std,train_macro_precision_mean,train_macro_precision_std,train_macro_recall_mean,train_macro_recall_std,validation_accuracy_mean,validation_accuracy_std,validation_macro_f1_mean,validation_macro_f1_std,validation_weighted_f1_mean,validation_weighted_f1_std,validation_macro_precision_mean,validation_macro_precision_std,validation_macro_recall_mean,validation_macro_recall_std,cv_accuracy_mean,cv_accuracy_std,cv_macro_f1_mean,cv_macro_f1_std,cv_weighted_f1_mean,cv_weighted_f1_std,final_train_accuracy,final_train_macro_f1,final_train_weighted_f1,final_train_macro_precision,final_train_macro_recall,test_accuracy,test_macro_f1,test_weighted_f1,test_macro_precision,test_macro_recall,train_test_accuracy_gap,train_test_macro_f1_gap,train_test_weighted_f1_gap
hqrtm_q70,B4_structural_context_socioeconomic,2,0.7054988348928362,0.09167632065525479,0.6087389803363041,0.10340489998728826,0.7416052746850048,0.0747427026548694,0.5818306235144495,0.08432472417564174,0.7113395549521806,0.10021836832980376,0.6735603505328547,0.11516454768447429,0.3968072799826528,0.0031712317593978146,0.6779063976550899,0.07453370590393449,0.41113111356736465,0.042397022807207696,0.421588310782816,0.03576337933193272,0.6735603505328547,0.11516454768447429,0.3968072799826528,0.0031712317593978146,0.6779063976550899,0.07453370590393449,0.7953361742424242,0.6721697434305196,0.8106026169998957,0.6415699090871403,0.7217898190200193,0.7319843805466809,0.5627694229810319,0.7492546497549802,0.5439172638337395,0.5949883603049493,0.06335179369574329,0.10940032044948766,0.061347967244915425
