fold,train_size_raw,train_size_fit,validation_size,train_accuracy,train_macro_f1,train_weighted_f1,train_macro_precision,train_macro_recall,accuracy,macro_f1,weighted_f1,macro_precision,macro_recall,validation_accuracy,validation_macro_f1,validation_weighted_f1,validation_macro_precision,validation_macro_recall
1,4288,12332,4160,0.6972947761194029,0.5395046140141663,0.7163416637454909,0.5023022377760024,0.6217718553315985,0.5983173076923077,0.3775890343241006,0.6171198999165118,0.3694525803231113,0.39299256965769336,0.5983173076923077,0.3775890343241006,0.6171198999165118,0.3694525803231113,0.39299256965769336
2,4160,11968,4288,0.6473557692307692,0.5284540839204745,0.6756445033607491,0.4870338364106228,0.6766210014562577,0.6026119402985075,0.3281282320655169,0.6041943853512134,0.3335850392473996,0.3777067789530466,0.6026119402985075,0.3281282320655169,0.6041943853512134,0.3335850392473996,0.3777067789530466
