fold,train_size_raw,train_size_fit,validation_size,train_accuracy,train_macro_f1,train_weighted_f1,train_macro_precision,train_macro_recall,accuracy,macro_f1,weighted_f1,macro_precision,macro_recall,validation_accuracy,validation_macro_f1,validation_weighted_f1,validation_macro_precision,validation_macro_recall
1,4288,12332,4160,0.5811567164179104,0.4307003448007095,0.6223959169633521,0.4140231681062186,0.5456817616078404,0.5617788461538461,0.38422387323156937,0.59843358838947,0.3769350071948195,0.4301100672787621,0.5617788461538461,0.38422387323156937,0.59843358838947,0.3769350071948195,0.4301100672787621
2,4160,11968,4288,0.5567307692307693,0.4536833084390675,0.5963474931395926,0.4360544096056277,0.6352766909561184,0.5499067164179104,0.31577859469147973,0.5789339026911134,0.3628940639605992,0.3683471417849854,0.5499067164179104,0.31577859469147973,0.5789339026911134,0.3628940639605992,0.3683471417849854
