accuracy,macro_f1,weighted_f1,macro_precision,macro_recall,fold
0.5826923076923077,0.3758779003573428,0.6103535910238407,0.3729287055481863,0.400331220154175,1
0.5727611940298507,0.30989140135207066,0.5795838742973143,0.31111110215291476,0.3456908456325535,2
