split,accuracy,macro_f1,weighted_f1,macro_precision,macro_recall
train_final,0.7453835227272727,0.6075840057608712,0.7561895021466911,0.5720440928817959,0.663321664134285
test,0.6524671636492723,0.4440233530232286,0.66797377961319,0.4241315788062865,0.48052446353170497
