split,accuracy,macro_f1,weighted_f1,macro_precision,macro_recall
train_final,0.618844696969697,0.47576475909859905,0.6512141070813036,0.44592597583786453,0.5959607988520591
test,0.597444089456869,0.43447914272000876,0.6324489192159403,0.4121575877502921,0.5451892147898876
