dataset,model_name,k,cv_accuracy_mean,cv_accuracy_std,cv_macro_f1_mean,cv_macro_f1_std,cv_weighted_f1_mean,cv_weighted_f1_std,test_accuracy,test_macro_f1,test_weighted_f1,test_macro_precision,test_macro_recall
hqrtm_q60,B3_structural_context,2,0.5777267508610793,0.007022357815457732,0.34288465085470676,0.0466595009133873,0.5949687326605775,0.021757475352515952,0.6301029463968761,0.4444345771828444,0.6548496812254853,0.41967198336861,0.5124391834625911
