dataset,model_name,k,train_accuracy_mean,train_accuracy_std,train_macro_f1_mean,train_macro_f1_std,train_weighted_f1_mean,train_weighted_f1_std,train_macro_precision_mean,train_macro_precision_std,train_macro_recall_mean,train_macro_recall_std,validation_accuracy_mean,validation_accuracy_std,validation_macro_f1_mean,validation_macro_f1_std,validation_weighted_f1_mean,validation_weighted_f1_std,validation_macro_precision_mean,validation_macro_precision_std,validation_macro_recall_mean,validation_macro_recall_std,cv_accuracy_mean,cv_accuracy_std,cv_macro_f1_mean,cv_macro_f1_std,cv_weighted_f1_mean,cv_weighted_f1_std,final_train_accuracy,final_train_macro_f1,final_train_weighted_f1,final_train_macro_precision,final_train_macro_recall,test_accuracy,test_macro_f1,test_weighted_f1,test_macro_precision,test_macro_recall,train_test_accuracy_gap,train_test_macro_f1_gap,train_test_weighted_f1_gap
hqrtm_q60,B3_structural_context,2,0.5540058122847302,0.013712371384591337,0.43304200941783605,0.03858050682091576,0.5958279211019541,0.00885166854973673,0.4172371622917836,0.03041390506673765,0.5853973334411546,0.0834547212759577,0.5788479477611941,0.03433293653055955,0.3589311166464412,0.04681954536513439,0.6022907273012912,0.027336435417622366,0.36459414165722553,0.02316477319843592,0.3960515426169211,0.02423488138834583,0.5788479477611941,0.03433293653055955,0.3589311166464412,0.04681954536513439,0.6022907273012912,0.027336435417622366,0.618844696969697,0.47576475909859905,0.6512141070813036,0.44592597583786453,0.5959607988520591,0.597444089456869,0.43447914272000876,0.6324489192159403,0.4121575877502921,0.5451892147898876,0.021400607512828018,0.041285616378590295,0.018765187865363298
