dataset,model_name,k,train_accuracy_mean,train_accuracy_std,train_macro_f1_mean,train_macro_f1_std,train_weighted_f1_mean,train_weighted_f1_std,train_macro_precision_mean,train_macro_precision_std,train_macro_recall_mean,train_macro_recall_std,validation_accuracy_mean,validation_accuracy_std,validation_macro_f1_mean,validation_macro_f1_std,validation_weighted_f1_mean,validation_weighted_f1_std,validation_macro_precision_mean,validation_macro_precision_std,validation_macro_recall_mean,validation_macro_recall_std,cv_accuracy_mean,cv_accuracy_std,cv_macro_f1_mean,cv_macro_f1_std,cv_weighted_f1_mean,cv_weighted_f1_std,final_train_accuracy,final_train_macro_f1,final_train_weighted_f1,final_train_macro_precision,final_train_macro_recall,test_accuracy,test_macro_f1,test_weighted_f1,test_macro_precision,test_macro_recall,train_test_accuracy_gap,train_test_macro_f1_gap,train_test_weighted_f1_gap
hqrtm_q60,B3_structural_context,2,0.6723252726750861,0.03531221041667462,0.5339793489673204,0.007813904764955432,0.6959930835531201,0.02877723808308745,0.4946680370933126,0.010796390143337819,0.6491964283939281,0.03878420316703836,0.6004646239954077,0.003036763838548719,0.35285863319480876,0.034974068679971465,0.6106571426338626,0.00913971899944802,0.3515188097852554,0.02536218151912279,0.38534967430537,0.010808686263054012,0.6004646239954077,0.003036763838548719,0.35285863319480876,0.034974068679971465,0.6106571426338626,0.00913971899944802,0.7453835227272727,0.6075840057608712,0.7561895021466911,0.5720440928817959,0.663321664134285,0.6524671636492723,0.4440233530232286,0.66797377961319,0.4241315788062865,0.48052446353170497,0.09291635907800044,0.16356065273764264,0.08821572253350107
