dataset,model_name,k,train_accuracy_mean,train_accuracy_std,train_macro_f1_mean,train_macro_f1_std,train_weighted_f1_mean,train_weighted_f1_std,train_macro_precision_mean,train_macro_precision_std,train_macro_recall_mean,train_macro_recall_std,validation_accuracy_mean,validation_accuracy_std,validation_macro_f1_mean,validation_macro_f1_std,validation_weighted_f1_mean,validation_weighted_f1_std,validation_macro_precision_mean,validation_macro_precision_std,validation_macro_recall_mean,validation_macro_recall_std,cv_accuracy_mean,cv_accuracy_std,cv_macro_f1_mean,cv_macro_f1_std,cv_weighted_f1_mean,cv_weighted_f1_std,final_train_accuracy,final_train_macro_f1,final_train_weighted_f1,final_train_macro_precision,final_train_macro_recall,test_accuracy,test_macro_f1,test_weighted_f1,test_macro_precision,test_macro_recall,train_test_accuracy_gap,train_test_macro_f1_gap,train_test_weighted_f1_gap
hqrtm_q60,B3_structural_context,2,0.5689437428243398,0.017271752892932014,0.44219182661988854,0.016251409440446788,0.6093717050514723,0.018419017125001554,0.42503878885592317,0.015578440262190659,0.5904792262819794,0.06335318210209696,0.5558427812858783,0.008394863443406557,0.35000123396152455,0.048398120595899465,0.5886837455402918,0.01378835998831428,0.36991453557770937,0.009928446175172535,0.39922860453187375,0.04367298344256901,0.5558427812858783,0.008394863443406557,0.35000123396152455,0.048398120595899465,0.5886837455402918,0.01378835998831428,0.6312736742424242,0.4822264676456064,0.6609939238991737,0.4507248301494971,0.5916126140038482,0.6095136670216542,0.4440571322288986,0.6417852564502649,0.4192317615932579,0.5515845856428785,0.021760007220769984,0.038169335416707806,0.01920866744890881
