accuracy,macro_f1,weighted_f1,macro_precision,macro_recall,fold
0.5984719864176571,0.36966934078451286,0.6396841891420132,0.3533757154704519,0.4839193242653516,1
0.6066810344827587,0.35715016739882,0.6163506476936782,0.35403853677621283,0.4497095358414699,2
0.5558103975535168,0.35776759729798135,0.6194008809841798,0.36087532883062007,0.5000171353739596,3
0.6564171122994652,0.3418898267422016,0.6598740982264353,0.3354724821111619,0.4133948392998583,4
0.6308186195826645,0.3799734093485631,0.6526664910449935,0.3692110252845014,0.4006340473440823,5
0.6662303664921466,0.42531625746685897,0.6729825689288406,0.4223251581334288,0.4576468332300602,6
0.5013123359580053,0.3280555364954015,0.5582050413179946,0.3531165958230521,0.35891371083101836,7
0.6211512717536813,0.39467301885671385,0.623655914911521,0.3909212812271149,0.42617511424321,8
0.5332464146023468,0.28960352790619714,0.5244291414717086,0.2972298483213358,0.2903628480551558,9
