fold,train_size_raw,train_size_fit,validation_size,train_accuracy,train_macro_f1,train_weighted_f1,train_macro_precision,train_macro_recall,accuracy,macro_f1,weighted_f1,macro_precision,macro_recall,validation_accuracy,validation_macro_f1,validation_weighted_f1,validation_macro_precision,validation_macro_recall
1,5612,16368,2836,0.5819672131147541,0.48917084808796885,0.6323913054559862,0.5001269886449937,0.6500475944854116,0.7175599435825106,0.3934351496470475,0.6893283369757729,0.4283848899658683,0.41692823133587076,0.7175599435825106,0.3934351496470475,0.6893283369757729,0.4283848899658683,0.41692823133587076
2,5657,16776,2791,0.6947145129927523,0.5852545650620479,0.7256730242904526,0.5524248339871632,0.6855239376498768,0.689358652812612,0.4754826358256278,0.6912506863376293,0.46613588538130557,0.486888517401007,0.689358652812612,0.4754826358256278,0.6912506863376293,0.46613588538130557,0.486888517401007
3,5627,16384,2821,0.7028612049049227,0.5892136694709688,0.7317371116730502,0.5621600369297106,0.6750896869117432,0.6150301311591634,0.341920876192248,0.6266170987106584,0.3424675912966645,0.35794930388310553,0.6150301311591634,0.341920876192248,0.6266170987106584,0.3424675912966645,0.35794930388310553
