accuracy,macro_f1,weighted_f1,macro_precision,macro_recall,fold
0.7404795486600846,0.382978444714147,0.6972063568877553,0.445003245885363,0.4129638190117249,1
0.7262629881762809,0.47985773374560764,0.7130808820849519,0.49077307704507844,0.47716620689398626,2
0.6465792272243885,0.306220303671883,0.6225272046354268,0.31817633010066404,0.32277609217076403,3
