fold,train_size_raw,train_size_fit,validation_size,train_accuracy,train_macro_f1,train_weighted_f1,train_macro_precision,train_macro_recall,accuracy,macro_f1,weighted_f1,macro_precision,macro_recall,validation_accuracy,validation_macro_f1,validation_weighted_f1,validation_macro_precision,validation_macro_recall
1,5612,16368,2836,0.6051318602993585,0.5091407400657519,0.6512294768186535,0.5073606567771778,0.6542585849095401,0.6618476727785614,0.43697719007251873,0.6859219030890498,0.5011803727786754,0.4557776381987608,0.6618476727785614,0.43697719007251873,0.6859219030890498,0.5011803727786754,0.4557776381987608
2,5657,16776,2791,0.7138059041894997,0.5981616738506123,0.7427279899143148,0.5661404593036099,0.6946056372844802,0.6929415979935507,0.46523599753430545,0.6960779072963926,0.4801697062959558,0.4592153201272141,0.6929415979935507,0.46523599753430545,0.6960779072963926,0.4801697062959558,0.4592153201272141
3,5627,16384,2821,0.756708725786387,0.6291462004720252,0.7745426761865337,0.6013715806935673,0.6853813472814759,0.587734845799362,0.34418914192637573,0.6087884470913175,0.3365846772921087,0.3690133869318326,0.587734845799362,0.34418914192637573,0.6087884470913175,0.3365846772921087,0.3690133869318326
