split,accuracy,macro_f1,weighted_f1,macro_precision,macro_recall
train_final,0.7575757575757576,0.6240915089919035,0.775347300774742,0.5963148817552772,0.6832286881237547
test,0.7305644302449414,0.5752361644204409,0.7477673703088727,0.5544766388528846,0.6207430666456502
