split,accuracy,macro_f1,weighted_f1,macro_precision,macro_recall
train_final,0.8374763257575758,0.705423074625339,0.834222636340901,0.7064764299484441,0.7052934539006339
test,0.7852325168619099,0.5856781373676462,0.780445751266429,0.5898057528728147,0.5824083896014948
