dataset,model_name,k,train_accuracy_mean,train_accuracy_std,train_macro_f1_mean,train_macro_f1_std,train_weighted_f1_mean,train_weighted_f1_std,train_macro_precision_mean,train_macro_precision_std,train_macro_recall_mean,train_macro_recall_std,validation_accuracy_mean,validation_accuracy_std,validation_macro_f1_mean,validation_macro_f1_std,validation_weighted_f1_mean,validation_weighted_f1_std,validation_macro_precision_mean,validation_macro_precision_std,validation_macro_recall_mean,validation_macro_recall_std,cv_accuracy_mean,cv_accuracy_std,cv_macro_f1_mean,cv_macro_f1_std,cv_weighted_f1_mean,cv_weighted_f1_std,final_train_accuracy,final_train_macro_f1,final_train_weighted_f1,final_train_macro_precision,final_train_macro_recall,test_accuracy,test_macro_f1,test_weighted_f1,test_macro_precision,test_macro_recall,train_test_accuracy_gap,train_test_macro_f1_gap,train_test_weighted_f1_gap
hqrtm_q65,B4_structural_context_socioeconomic,3,0.6918821634250817,0.07813049561181112,0.5788162047961297,0.06229777693893946,0.7228333809731673,0.0640186135688405,0.558290898924785,0.047494474968241406,0.6780818564918322,0.02114079192408862,0.647508038857158,0.0540493663474629,0.4154674431777334,0.06332524948036167,0.6635960858255866,0.04773566856224504,0.43931158545558,0.08958222631823633,0.42800211508593583,0.05111464517327028,0.647508038857158,0.0540493663474629,0.4154674431777334,0.06332524948036167,0.6635960858255866,0.04773566856224504,0.8374763257575758,0.705423074625339,0.834222636340901,0.7064764299484441,0.7052934539006339,0.7852325168619099,0.5856781373676462,0.780445751266429,0.5898057528728147,0.5824083896014948,0.05224380889566593,0.11974493725769286,0.05377688507447198
