dataset,model_name,k,train_accuracy_mean,train_accuracy_std,train_macro_f1_mean,train_macro_f1_std,train_weighted_f1_mean,train_weighted_f1_std,train_macro_precision_mean,train_macro_precision_std,train_macro_recall_mean,train_macro_recall_std,validation_accuracy_mean,validation_accuracy_std,validation_macro_f1_mean,validation_macro_f1_std,validation_weighted_f1_mean,validation_weighted_f1_std,validation_macro_precision_mean,validation_macro_precision_std,validation_macro_recall_mean,validation_macro_recall_std,cv_accuracy_mean,cv_accuracy_std,cv_macro_f1_mean,cv_macro_f1_std,cv_weighted_f1_mean,cv_weighted_f1_std,final_train_accuracy,final_train_macro_f1,final_train_weighted_f1,final_train_macro_precision,final_train_macro_recall,test_accuracy,test_macro_f1,test_weighted_f1,test_macro_precision,test_macro_recall,train_test_accuracy_gap,train_test_macro_f1_gap,train_test_weighted_f1_gap
hqrtm_q65,B4_structural_context_socioeconomic,3,0.6598476436708097,0.06756932177383021,0.5545463608736618,0.05665145082806277,0.696600480473163,0.05568937875605881,0.5382372865206225,0.03336149947484396,0.6702204063490106,0.018232530021356864,0.6739829091847621,0.052966033719485925,0.40361288722164107,0.06736004502443678,0.6690653740080202,0.036773848228839466,0.41232945554794614,0.0633781860833242,0.42058868420666107,0.06454749710150043,0.6739829091847621,0.052966033719485925,0.40361288722164107,0.06736004502443678,0.6690653740080202,0.036773848228839466,0.7575757575757576,0.6240915089919035,0.775347300774742,0.5963148817552772,0.6832286881237547,0.7305644302449414,0.5752361644204409,0.7477673703088727,0.5544766388528846,0.6207430666456502,0.027011327330816126,0.04885534457146257,0.027579930465869262
