fold,train_size_raw,train_size_fit,validation_size,train_accuracy,train_macro_f1,train_weighted_f1,train_macro_precision,train_macro_recall,accuracy,macro_f1,weighted_f1,macro_precision,macro_recall,validation_accuracy,validation_macro_f1,validation_weighted_f1,validation_macro_precision,validation_macro_recall
1,6362,19244,2086,0.6183590066016976,0.45207537741141923,0.6595426270172108,0.42742081402615484,0.577826319820318,0.6514860977948226,0.42135869562947004,0.6775976363953984,0.4086055637965862,0.4603262080346745,0.6514860977948226,0.42135869562947004,0.6775976363953984,0.4086055637965862,0.4603262080346745
2,6013,17660,2435,0.7590221187427241,0.5911165137646534,0.7689357737492118,0.5699482083684457,0.6309424337252977,0.717864476386037,0.41317025516620737,0.7247862024113633,0.45029896346688203,0.41420765886532607,0.717864476386037,0.41317025516620737,0.7247862024113633,0.45029896346688203,0.41420765886532607
3,6573,19916,1875,0.5779704853187281,0.4305658204729726,0.6376274350753555,0.4390120747510371,0.5714243342431158,0.6218666666666667,0.395167463828907,0.6497761873311926,0.41370878122999705,0.4112243159953203,0.6218666666666667,0.395167463828907,0.6497761873311926,0.41370878122999705,0.4112243159953203
4,6396,19224,2052,0.7027829893683553,0.5410794940681494,0.730466889580631,0.5158099375290456,0.6079579460614305,0.5692007797270955,0.34207626661455054,0.5949562436778805,0.33081882095842274,0.3737259253629324,0.5692007797270955,0.34207626661455054,0.5949562436778805,0.33081882095842274,0.3737259253629324
