dataset,model_name,k,train_accuracy_mean,train_accuracy_std,train_macro_f1_mean,train_macro_f1_std,train_weighted_f1_mean,train_weighted_f1_std,train_macro_precision_mean,train_macro_precision_std,train_macro_recall_mean,train_macro_recall_std,validation_accuracy_mean,validation_accuracy_std,validation_macro_f1_mean,validation_macro_f1_std,validation_weighted_f1_mean,validation_weighted_f1_std,validation_macro_precision_mean,validation_macro_precision_std,validation_macro_recall_mean,validation_macro_recall_std,cv_accuracy_mean,cv_accuracy_std,cv_macro_f1_mean,cv_macro_f1_std,cv_weighted_f1_mean,cv_weighted_f1_std,final_train_accuracy,final_train_macro_f1,final_train_weighted_f1,final_train_macro_precision,final_train_macro_recall,test_accuracy,test_macro_f1,test_weighted_f1,test_macro_precision,test_macro_recall,train_test_accuracy_gap,train_test_macro_f1_gap,train_test_weighted_f1_gap
hqrtm_q70,B2_structural_socioeconomic,4,0.6645336500078762,0.08168304977178098,0.5037093014292986,0.0753935960631387,0.6991431813556024,0.061113478039656846,0.4880477586686708,0.0672273430236477,0.5970377584625405,0.027652030527106346,0.6401045051436554,0.06201104957761633,0.39294317030978376,0.035632225181624747,0.6617790674539586,0.05425091423974952,0.400858032362972,0.050249586374254224,0.4148710270645633,0.03546280412889636,0.6401045051436554,0.06201104957761633,0.39294317030978376,0.035632225181624747,0.6617790674539586,0.05425091423974952,0.8319128787878788,0.6510790495319823,0.8204092652577433,0.6753673484110276,0.6357408465896501,0.7816826411075612,0.5125588356639216,0.7657003962255731,0.5280837851765657,0.5032170056198109,0.050230237680317535,0.13852021386806068,0.054708869032170204
