fold,train_size_raw,train_size_fit,validation_size,train_accuracy,train_macro_f1,train_weighted_f1,train_macro_precision,train_macro_recall,accuracy,macro_f1,weighted_f1,macro_precision,macro_recall,validation_accuracy,validation_macro_f1,validation_weighted_f1,validation_macro_precision,validation_macro_recall
1,6362,18572,2086,0.4779943414020748,0.3632440641390892,0.534037783151172,0.3734228061837972,0.5100778100395946,0.5263662511984659,0.3767390220207646,0.5570618640792205,0.36623978526019996,0.46410966417949656,0.5263662511984659,0.3767390220207646,0.5570618640792205,0.36623978526019996,0.46410966417949656
2,6005,16844,2443,0.6209825145711907,0.49959174539957546,0.6476502001687765,0.46583540728366213,0.614806723800615,0.4302087597216537,0.2743361683461837,0.5057893021346995,0.29982639651578413,0.36636822089312354,0.4302087597216537,0.2743361683461837,0.5057893021346995,0.29982639651578413,0.36636822089312354
3,6415,18548,2033,0.5401402961808262,0.426959302168768,0.593728630197847,0.43307410030729854,0.5831298286791556,0.5617314313821938,0.3607594827399817,0.6016569233584074,0.36159942548963786,0.400119633153506,0.5617314313821938,0.3607594827399817,0.6016569233584074,0.36159942548963786,0.400119633153506
4,6562,18936,1886,0.6121609265467846,0.47410109057977917,0.6461009893096096,0.4456190828050507,0.6000018363954777,0.6071049840933191,0.38666093033829574,0.6203654854308527,0.3788336427089668,0.40850891951818913,0.6071049840933191,0.38666093033829574,0.6203654854308527,0.3788336427089668,0.40850891951818913
