accuracy,macro_f1,weighted_f1,macro_precision,macro_recall,fold
0.5474592521572388,0.3608134164950503,0.5677380376619127,0.3506798182751905,0.38567752420755214,1
0.5644699140401146,0.31990624519175126,0.6120495845505117,0.3323422677568755,0.40703621452573446,2
0.5941957697983276,0.31281299459444845,0.5909969937921533,0.5562455954897816,0.3316327783615761,3
0.721102863202545,0.3709304805564515,0.6418916462118112,0.35773885298341823,0.391172555412323,4
