fold,train_size_raw,train_size_fit,validation_size,train_accuracy,train_macro_f1,train_weighted_f1,train_macro_precision,train_macro_recall,accuracy,macro_f1,weighted_f1,macro_precision,macro_recall,validation_accuracy,validation_macro_f1,validation_weighted_f1,validation_macro_precision,validation_macro_recall
1,6362,18572,2086,0.6059415278214398,0.44036018196506777,0.6427599118212473,0.4166262080712815,0.5437458717607595,0.5690316395014382,0.36959520726872097,0.5819132955269781,0.3568458703721532,0.40390480840899834,0.5690316395014382,0.36959520726872097,0.5819132955269781,0.3568458703721532,0.40390480840899834
2,6005,16844,2443,0.6146544546211491,0.4895651336748352,0.641702026992308,0.4578369760579193,0.5993025790403758,0.4744167007777323,0.3278176864738403,0.545162622736151,0.3612023523803277,0.4291882122684848,0.4744167007777323,0.3278176864738403,0.545162622736151,0.3612023523803277,0.4291882122684848
3,6415,18548,2033,0.45253312548713953,0.36639852537758844,0.5063924592492922,0.38487038941614515,0.5621833509143382,0.5558288243974422,0.35333820637508184,0.5882478241016161,0.3798093346765913,0.3804998503500666,0.5558288243974422,0.35333820637508184,0.5882478241016161,0.3798093346765913,0.3804998503500666
4,6562,18936,1886,0.5554708930204206,0.4319728916772403,0.5973126958107386,0.4176205631769182,0.5745673930744918,0.6283138918345705,0.39584885731864583,0.6236203344725804,0.3963102124630311,0.4187038833667228,0.6283138918345705,0.39584885731864583,0.6236203344725804,0.3963102124630311,0.4187038833667228
