split,accuracy,macro_f1,weighted_f1,macro_precision,macro_recall
train_final,0.7109375,0.582692554844987,0.7275469258045151,0.5388337191760602,0.6672373136923626
test,0.6286829960951367,0.4394307530549172,0.6533357447880676,0.4158513712053876,0.50033628093558
