split,accuracy,macro_f1,weighted_f1,macro_precision,macro_recall
train_final,0.6236979166666666,0.47739470938744927,0.6530904785194283,0.4457973948613216,0.584270497792804
test,0.6013489527866525,0.4361697239520902,0.6349841360801697,0.4131443696727053,0.5360471088547134
