dataset,model_name,k,train_accuracy_mean,train_accuracy_std,train_macro_f1_mean,train_macro_f1_std,train_weighted_f1_mean,train_weighted_f1_std,train_macro_precision_mean,train_macro_precision_std,train_macro_recall_mean,train_macro_recall_std,validation_accuracy_mean,validation_accuracy_std,validation_macro_f1_mean,validation_macro_f1_std,validation_weighted_f1_mean,validation_weighted_f1_std,validation_macro_precision_mean,validation_macro_precision_std,validation_macro_recall_mean,validation_macro_recall_std,cv_accuracy_mean,cv_accuracy_std,cv_macro_f1_mean,cv_macro_f1_std,cv_weighted_f1_mean,cv_weighted_f1_std,final_train_accuracy,final_train_macro_f1,final_train_weighted_f1,final_train_macro_precision,final_train_macro_recall,test_accuracy,test_macro_f1,test_weighted_f1,test_macro_precision,test_macro_recall,train_test_accuracy_gap,train_test_macro_f1_gap,train_test_weighted_f1_gap
hqrtm_q60,B3_structural_context,4,0.5835688612983962,0.08255940347142014,0.45635796705629694,0.06310602331722298,0.6199271052463853,0.07419698683740457,0.4362247638180291,0.04257605342781257,0.5895422607406349,0.04747341037553039,0.5834701082074788,0.035022474782359946,0.3797251497798727,0.019300480422038392,0.6075787207456357,0.032716844689976356,0.38745319070262113,0.03531522498769696,0.4145131209568903,0.03135995913895793,0.5834701082074788,0.035022474782359946,0.3797251497798727,0.019300480422038392,0.6075787207456357,0.032716844689976356,0.7109375,0.582692554844987,0.7275469258045151,0.5388337191760602,0.6672373136923626,0.6286829960951367,0.4394307530549172,0.6533357447880676,0.4158513712053876,0.50033628093558,0.08225450390486333,0.14326180179006986,0.07421118101644752
