dataset,model_name,k,train_accuracy_mean,train_accuracy_std,train_macro_f1_mean,train_macro_f1_std,train_weighted_f1_mean,train_weighted_f1_std,train_macro_precision_mean,train_macro_precision_std,train_macro_recall_mean,train_macro_recall_std,validation_accuracy_mean,validation_accuracy_std,validation_macro_f1_mean,validation_macro_f1_std,validation_weighted_f1_mean,validation_weighted_f1_std,validation_macro_precision_mean,validation_macro_precision_std,validation_macro_recall_mean,validation_macro_recall_std,cv_accuracy_mean,cv_accuracy_std,cv_macro_f1_mean,cv_macro_f1_std,cv_weighted_f1_mean,cv_weighted_f1_std,final_train_accuracy,final_train_macro_f1,final_train_weighted_f1,final_train_macro_precision,final_train_macro_recall,test_accuracy,test_macro_f1,test_weighted_f1,test_macro_precision,test_macro_recall,train_test_accuracy_gap,train_test_macro_f1_gap,train_test_weighted_f1_gap
hqrtm_q60,B3_structural_context,4,0.5571500002375374,0.07446450009123945,0.4320741831736829,0.05062005351114559,0.5970417734683966,0.06403659887538256,0.419238534180566,0.029891198078907794,0.5699497986974913,0.023308592047870474,0.5568977641277958,0.06338181303738416,0.3616499893590722,0.02855637414098166,0.5847360192093314,0.03213691659397156,0.3735419424730258,0.01815395852722337,0.40807418859856814,0.021107030956578485,0.5568977641277958,0.06338181303738416,0.3616499893590722,0.02855637414098166,0.5847360192093314,0.03213691659397156,0.6236979166666666,0.47739470938744927,0.6530904785194283,0.4457973948613216,0.584270497792804,0.6013489527866525,0.4361697239520902,0.6349841360801697,0.4131443696727053,0.5360471088547134,0.022348963880014172,0.041224985435359074,0.01810634243925857
