dataset,model_name,k,train_accuracy_mean,train_accuracy_std,train_macro_f1_mean,train_macro_f1_std,train_weighted_f1_mean,train_weighted_f1_std,train_macro_precision_mean,train_macro_precision_std,train_macro_recall_mean,train_macro_recall_std,validation_accuracy_mean,validation_accuracy_std,validation_macro_f1_mean,validation_macro_f1_std,validation_weighted_f1_mean,validation_weighted_f1_std,validation_macro_precision_mean,validation_macro_precision_std,validation_macro_recall_mean,validation_macro_recall_std,cv_accuracy_mean,cv_accuracy_std,cv_macro_f1_mean,cv_macro_f1_std,cv_weighted_f1_mean,cv_weighted_f1_std,final_train_accuracy,final_train_macro_f1,final_train_weighted_f1,final_train_macro_precision,final_train_macro_recall,test_accuracy,test_macro_f1,test_weighted_f1,test_macro_precision,test_macro_recall,train_test_accuracy_gap,train_test_macro_f1_gap,train_test_weighted_f1_gap
hqrtm_q60,B3_structural_context,4,0.562819519675219,0.06714950100264712,0.44097405057180294,0.059921612378846405,0.6053794007068513,0.05376006917901328,0.4294878491449521,0.039738780058775416,0.5770040497287107,0.046456384868790196,0.5313528565989081,0.07509158228973546,0.34962390086130646,0.051313465416064116,0.5712183937507951,0.051066342690435786,0.3516248124936472,0.03529157913199074,0.40977660943607885,0.04054311804444536,0.5313528565989081,0.07509158228973546,0.34962390086130646,0.051313465416064116,0.5712183937507951,0.051066342690435786,0.6369554924242424,0.48890786809573894,0.6655403589992915,0.4558157609959339,0.5984664680330624,0.6070287539936102,0.4367955631297926,0.6393017714617085,0.4133218443540183,0.5356789899980948,0.029926738430632205,0.05211230496594632,0.026238587537583014
