dataset,model_name,k,cv_accuracy_mean,cv_accuracy_std,cv_macro_f1_mean,cv_macro_f1_std,cv_weighted_f1_mean,cv_weighted_f1_std,test_accuracy,test_macro_f1,test_weighted_f1,test_macro_precision,test_macro_recall
hqrtm_q60,B3_structural_context,4,0.6068069497995565,0.07860697910912463,0.34111578420942534,0.029027603421897995,0.6031690655540972,0.03152680837484988,0.6180333688320909,0.44564783550206344,0.6458506237381322,0.419286155532333,0.5284088990964466
