fold,train_size_raw,train_size_fit,validation_size,train_accuracy,train_macro_f1,train_weighted_f1,train_macro_precision,train_macro_recall,accuracy,macro_f1,weighted_f1,macro_precision,macro_recall,validation_accuracy,validation_macro_f1,validation_weighted_f1,validation_macro_precision,validation_macro_recall
1,5604,16380,2844,0.7496431120628123,0.5963199571106979,0.7541823352102354,0.5773419349150151,0.6190620725695353,0.6378340365682138,0.39841632795836895,0.6465562362348191,0.38622701160632744,0.4372187937969666,0.6378340365682138,0.39841632795836895,0.6465562362348191,0.38622701160632744,0.4372187937969666
2,5646,16504,2802,0.7360963513992207,0.5824040957092869,0.7472747440529212,0.5537775407811136,0.625369913263663,0.6602426837972877,0.3656775718044325,0.6438100015666237,0.4522977753135672,0.37405152732450536,0.6602426837972877,0.3656775718044325,0.6438100015666237,0.4522977753135672,0.37405152732450536
3,5646,16316,2802,0.7015586255756288,0.5589696486660214,0.7135266388137327,0.5281964929591981,0.6060068657096583,0.7123483226266952,0.4527144011511515,0.7046696915110019,0.4528229013735182,0.4629983760549598,0.7123483226266952,0.4527144011511515,0.7046696915110019,0.4528229013735182,0.4629983760549598
