accuracy,macro_f1,weighted_f1,macro_precision,macro_recall,fold
0.6688815060908084,0.4133543897406534,0.6588697913784691,0.4074926599645182,0.4775961464523152,1
0.65662444368367,0.36041074287917724,0.6447562009393604,0.49117631928692296,0.34752230650513094,2
0.7430801987224982,0.4591588838733388,0.7198857339283327,0.46552319811140985,0.47535049355100767,3
