dataset,model_name,k,train_accuracy_mean,train_accuracy_std,train_macro_f1_mean,train_macro_f1_std,train_weighted_f1_mean,train_weighted_f1_std,train_macro_precision_mean,train_macro_precision_std,train_macro_recall_mean,train_macro_recall_std,validation_accuracy_mean,validation_accuracy_std,validation_macro_f1_mean,validation_macro_f1_std,validation_weighted_f1_mean,validation_weighted_f1_std,validation_macro_precision_mean,validation_macro_precision_std,validation_macro_recall_mean,validation_macro_recall_std,cv_accuracy_mean,cv_accuracy_std,cv_macro_f1_mean,cv_macro_f1_std,cv_weighted_f1_mean,cv_weighted_f1_std,final_train_accuracy,final_train_macro_f1,final_train_weighted_f1,final_train_macro_precision,final_train_macro_recall,test_accuracy,test_macro_f1,test_weighted_f1,test_macro_precision,test_macro_recall,train_test_accuracy_gap,train_test_macro_f1_gap,train_test_weighted_f1_gap
traditional_lihc,B2_structural_socioeconomic,3,0.729099363012554,0.024794109079505088,0.5792312338286687,0.01887621981788799,0.7383279060256297,0.02175444426746156,0.5531053228851089,0.024579616024928554,0.6168129505142855,0.009875515943950443,0.6701416809973989,0.038230711684157245,0.40560276697131764,0.04396118850699553,0.6650119764374814,0.034372026778364276,0.43044922943113767,0.03829846408608874,0.42475623239214394,0.04576430980957014,0.6701416809973989,0.038230711684157245,0.40560276697131764,0.04396118850699553,0.6650119764374814,0.034372026778364276,0.8090672348484849,0.6471744485598735,0.7907764265576014,0.6721753947516964,0.6383344509803639,0.7600283990060348,0.5025752536838297,0.7334857958522384,0.5268301186944545,0.49579069659453756,0.04903883584245006,0.14459919487604378,0.057290630705363
