dataset,model_name,k,cv_accuracy_mean,cv_accuracy_std,cv_macro_f1_mean,cv_macro_f1_std,cv_weighted_f1_mean,cv_weighted_f1_std,test_accuracy,test_macro_f1,test_weighted_f1,test_macro_precision,test_macro_recall
traditional_lihc,B2_structural_socioeconomic,3,0.6895287161656588,0.046780122463923934,0.4109746721643899,0.04941706313873566,0.6745039087487207,0.0399303255840141,0.7259495917642883,0.5064606371494975,0.7165927631230498,0.5037937469970698,0.5141976071962201
