fold,train_size_raw,train_size_fit,validation_size,train_accuracy,train_macro_f1,train_weighted_f1,train_macro_precision,train_macro_recall,accuracy,macro_f1,weighted_f1,macro_precision,macro_recall,validation_accuracy,validation_macro_f1,validation_weighted_f1,validation_macro_precision,validation_macro_recall
1,5612,16368,2836,0.5445473984319316,0.43746295030182736,0.606666562297944,0.4990358594900616,0.5794558695315194,0.5183356840620592,0.38735948474641985,0.5886516166623799,0.4912216042309351,0.47011345481996564,0.5183356840620592,0.38735948474641985,0.5886516166623799,0.4912216042309351,0.47011345481996564
2,5657,16776,2791,0.7281244475870603,0.5553456623514219,0.7416175397972741,0.5234262258979026,0.6105878306539307,0.6771766391974203,0.4672612798258033,0.681711785673434,0.46900881762132796,0.4728988793487696,0.6771766391974203,0.4672612798258033,0.681711785673434,0.46900881762132796,0.4728988793487696
3,5627,16384,2821,0.7302292518215745,0.5863394569328565,0.7469582679883398,0.5602129981083749,0.6327953151907795,0.6263736263736264,0.3471470262390793,0.6299226640991074,0.3404086146476124,0.3635271810643589,0.6263736263736264,0.3471470262390793,0.6299226640991074,0.3404086146476124,0.3635271810643589
