dataset,model_name,k,train_accuracy_mean,train_accuracy_std,train_macro_f1_mean,train_macro_f1_std,train_weighted_f1_mean,train_weighted_f1_std,train_macro_precision_mean,train_macro_precision_std,train_macro_recall_mean,train_macro_recall_std,validation_accuracy_mean,validation_accuracy_std,validation_macro_f1_mean,validation_macro_f1_std,validation_weighted_f1_mean,validation_weighted_f1_std,validation_macro_precision_mean,validation_macro_precision_std,validation_macro_recall_mean,validation_macro_recall_std,cv_accuracy_mean,cv_accuracy_std,cv_macro_f1_mean,cv_macro_f1_std,cv_weighted_f1_mean,cv_weighted_f1_std,final_train_accuracy,final_train_macro_f1,final_train_weighted_f1,final_train_macro_precision,final_train_macro_recall,test_accuracy,test_macro_f1,test_weighted_f1,test_macro_precision,test_macro_recall,train_test_accuracy_gap,train_test_macro_f1_gap,train_test_weighted_f1_gap
hqrtm_q65,B2_structural_socioeconomic,3,0.6676336992801888,0.10660105835589613,0.5263826898620353,0.07855058171796338,0.6984141233611859,0.07950057902426051,0.5275583611654464,0.030797182968301494,0.6076130051254099,0.026793866947552463,0.6072953165443686,0.0811208893352034,0.4005892636037675,0.06114023851061346,0.6334286888116404,0.04662904589475493,0.43354634549995846,0.081420695486369,0.43551317174436477,0.062357251287142465,0.6072953165443686,0.0811208893352034,0.4005892636037675,0.06114023851061346,0.6334286888116404,0.04662904589475493,0.7799479166666666,0.6048098266822636,0.7762237249664643,0.6006460094350798,0.6104128515052069,0.7458288959886404,0.5102294506641419,0.7418085466439,0.512425349912827,0.5095285303447226,0.03411902067802619,0.09458037601812164,0.034415178322564355
