accuracy,macro_f1,weighted_f1,macro_precision,macro_recall,fold
0.7510578279266573,0.3966273389542668,0.7267433680002028,0.48891087735624256,0.4276503909842463,1
0.6483516483516484,0.33198511456729907,0.6511506472230898,0.3345524609075541,0.335735923063112,2
0.7284127552848442,0.4055020205860308,0.7034207909525754,0.41032338862306367,0.417551655053946,3
