fold,train_size_raw,train_size_fit,validation_size,train_accuracy,train_macro_f1,train_weighted_f1,train_macro_precision,train_macro_recall,accuracy,macro_f1,weighted_f1,macro_precision,macro_recall,validation_accuracy,validation_macro_f1,validation_weighted_f1,validation_macro_precision,validation_macro_recall
1,5612,16696,2836,0.5411617961511048,0.46660282506469253,0.5992066392036294,0.4991841541444194,0.6536107023497535,0.6741889985895627,0.37506849159318456,0.6896075910642886,0.4714369544928994,0.42327358789150205,0.6741889985895627,0.37506849159318456,0.6896075910642886,0.4714369544928994,0.42327358789150205
2,5627,16768,2821,0.7666607428469877,0.6315894257244489,0.7866696779921512,0.6058441588717314,0.6850802362892217,0.6373626373626373,0.3591355184451286,0.650471420260651,0.35389074552417754,0.384462618794416,0.6373626373626373,0.3591355184451286,0.650471420260651,0.35389074552417754,0.384462618794416
3,5657,17232,2791,0.5847622414707442,0.46745697371495315,0.6369680455529969,0.45985523984548426,0.6172706201195076,0.6345395915442493,0.46853099000625653,0.6615591560515461,0.450741159527632,0.5197892345139594,0.6345395915442493,0.46853099000625653,0.6615591560515461,0.450741159527632,0.5197892345139594
