fold,train_size_raw,train_size_fit,validation_size,train_accuracy,train_macro_f1,train_weighted_f1,train_macro_precision,train_macro_recall,accuracy,macro_f1,weighted_f1,macro_precision,macro_recall,validation_accuracy,validation_macro_f1,validation_weighted_f1,validation_macro_precision,validation_macro_recall
1,5612,16696,2836,0.5680684248039914,0.4757694251845749,0.6236256224298331,0.49033570971565976,0.6510515735509201,0.7447108603667136,0.3895953969590966,0.7205037657805381,0.40922974859689515,0.4067791315990502,0.7447108603667136,0.3895953969590966,0.7205037657805381,0.40922974859689515,0.4067791315990502
2,5627,16768,2821,0.6603874178070019,0.5303117154740555,0.6987931259562721,0.5069231313084105,0.6476094549360292,0.6267281105990783,0.33491347821599815,0.6357543141562446,0.33283864671251673,0.35045223593610686,0.6267281105990783,0.33491347821599815,0.6357543141562446,0.33283864671251673,0.35045223593610686
3,5657,17232,2791,0.630015909492664,0.5097685271267984,0.6772399054417728,0.4904258900535017,0.648315999484283,0.7216051594410605,0.4709537910526677,0.7181922694752924,0.47213926562945896,0.4722836185667689,0.7216051594410605,0.4709537910526677,0.7181922694752924,0.47213926562945896,0.4722836185667689
