split,accuracy,macro_f1,weighted_f1,macro_precision,macro_recall
train_final,0.8674242424242424,0.7131866568872811,0.857704486249095,0.7476683362854951,0.6912705562970501
test,0.8090166844160455,0.5558706726134527,0.7940274602226368,0.5760236341121729,0.547709468869658
