split,accuracy,macro_f1,weighted_f1,macro_precision,macro_recall
train_final,0.6987452651515151,0.5585020786028219,0.7324283759315158,0.5306849418775521,0.6548915879871151
test,0.6819311324103656,0.524569836341268,0.7144850095443044,0.5021176229234605,0.6028767197900856
