dataset,model_name,k,train_accuracy_mean,train_accuracy_std,train_macro_f1_mean,train_macro_f1_std,train_weighted_f1_mean,train_weighted_f1_std,train_macro_precision_mean,train_macro_precision_std,train_macro_recall_mean,train_macro_recall_std,validation_accuracy_mean,validation_accuracy_std,validation_macro_f1_mean,validation_macro_f1_std,validation_weighted_f1_mean,validation_weighted_f1_std,validation_macro_precision_mean,validation_macro_precision_std,validation_macro_recall_mean,validation_macro_recall_std,cv_accuracy_mean,cv_accuracy_std,cv_macro_f1_mean,cv_macro_f1_std,cv_weighted_f1_mean,cv_weighted_f1_std,final_train_accuracy,final_train_macro_f1,final_train_weighted_f1,final_train_macro_precision,final_train_macro_recall,test_accuracy,test_macro_f1,test_weighted_f1,test_macro_precision,test_macro_recall,train_test_accuracy_gap,train_test_macro_f1_gap,train_test_weighted_f1_gap
hqrtm_q70,B4_structural_context_socioeconomic,3,0.6194905840345525,0.04705088707210368,0.505283222595143,0.027546394048255405,0.6665528846092926,0.038706558970085445,0.4958949103591907,0.00955082593820775,0.6489923426570775,0.0018180003314862108,0.6976813768022841,0.06252393815566705,0.3984875554092542,0.06845468969034744,0.691483449804025,0.048276683542149236,0.4047358869796236,0.069758954277119,0.40983832870064196,0.06097327663496925,0.6976813768022841,0.06252393815566705,0.3984875554092542,0.06845468969034744,0.691483449804025,0.048276683542149236,0.6987452651515151,0.5585020786028219,0.7324283759315158,0.5306849418775521,0.6548915879871151,0.6819311324103656,0.524569836341268,0.7144850095443044,0.5021176229234605,0.6028767197900856,0.016814132741149512,0.03393224226155389,0.01794336638721139
