dataset,model_name,k,train_accuracy_mean,train_accuracy_std,train_macro_f1_mean,train_macro_f1_std,train_weighted_f1_mean,train_weighted_f1_std,train_macro_precision_mean,train_macro_precision_std,train_macro_recall_mean,train_macro_recall_std,validation_accuracy_mean,validation_accuracy_std,validation_macro_f1_mean,validation_macro_f1_std,validation_weighted_f1_mean,validation_weighted_f1_std,validation_macro_precision_mean,validation_macro_precision_std,validation_macro_recall_mean,validation_macro_recall_std,cv_accuracy_mean,cv_accuracy_std,cv_macro_f1_mean,cv_macro_f1_std,cv_weighted_f1_mean,cv_weighted_f1_std,final_train_accuracy,final_train_macro_f1,final_train_weighted_f1,final_train_macro_precision,final_train_macro_recall,test_accuracy,test_macro_f1,test_weighted_f1,test_macro_precision,test_macro_recall,train_test_accuracy_gap,train_test_macro_f1_gap,train_test_weighted_f1_gap
hqrtm_q70,B4_structural_context_socioeconomic,3,0.6308615934896123,0.11960897304407304,0.5218830748346982,0.09500944669683122,0.6742814542495924,0.09914542641683521,0.5216278509538783,0.07553794254855782,0.6519871862528276,0.03393394855684671,0.6486970758321497,0.022121731200916664,0.4009116666815233,0.0590994464737639,0.6672127224588286,0.0201713181555901,0.425356286514903,0.06275007286158232,0.4425084803999592,0.06968363543820864,0.6486970758321497,0.022121731200916664,0.4009116666815233,0.0590994464737639,0.6672127224588286,0.0201713181555901,0.8674242424242424,0.7131866568872811,0.857704486249095,0.7476683362854951,0.6912705562970501,0.8090166844160455,0.5558706726134527,0.7940274602226368,0.5760236341121729,0.547709468869658,0.05840755800819697,0.15731598427382842,0.0636770260264582
