dataset,model_name,k,train_accuracy_mean,train_accuracy_std,train_macro_f1_mean,train_macro_f1_std,train_weighted_f1_mean,train_weighted_f1_std,train_macro_precision_mean,train_macro_precision_std,train_macro_recall_mean,train_macro_recall_std,validation_accuracy_mean,validation_accuracy_std,validation_macro_f1_mean,validation_macro_f1_std,validation_weighted_f1_mean,validation_weighted_f1_std,validation_macro_precision_mean,validation_macro_precision_std,validation_macro_recall_mean,validation_macro_recall_std,cv_accuracy_mean,cv_accuracy_std,cv_macro_f1_mean,cv_macro_f1_std,cv_weighted_f1_mean,cv_weighted_f1_std,final_train_accuracy,final_train_macro_f1,final_train_weighted_f1,final_train_macro_precision,final_train_macro_recall,test_accuracy,test_macro_f1,test_weighted_f1,test_macro_precision,test_macro_recall,train_test_accuracy_gap,train_test_macro_f1_gap,train_test_weighted_f1_gap
hqrtm_q70,B4_structural_context_socioeconomic,3,0.6168634275477273,0.11887329409190053,0.5162165748652479,0.07633740827637038,0.6622706453231083,0.10520714920321884,0.5166969048255048,0.03271705254667228,0.65738404896743,0.022983779139071833,0.7010245317014242,0.05100088964706165,0.40540037309842214,0.0626412654063103,0.6953090650056016,0.039320216118543354,0.4336207439969895,0.07728949906335757,0.41785337377280224,0.0570912566654188,0.7010245317014242,0.05100088964706165,0.40540037309842214,0.0626412654063103,0.6953090650056016,0.039320216118543354,0.8090672348484849,0.6493570904484744,0.813190744383046,0.6356240222713169,0.6650802257618544,0.7689030883919062,0.5665168618824966,0.7730561829273804,0.5579987603400628,0.5766134495501665,0.04016414645657862,0.08284022856597784,0.04013456145566552
