accuracy,macro_f1,weighted_f1,macro_precision,macro_recall,fold
0.6276445698166432,0.35183300621853175,0.6511118144520948,0.34127204908984804,0.3779407914468985,1
0.543778801843318,0.3004366113972584,0.5840906544712161,0.29889772633793443,0.32677502988562895,2
0.5772124686492297,0.3475034923389514,0.6006735547683857,0.3367438504586724,0.38675148015910316,3
