accuracy,macro_f1,weighted_f1,macro_precision,macro_recall,fold
0.41786525359576077,0.31907164959644585,0.45421041402417023,0.3235025261004151,0.37495154624537586,1
0.48739770867430443,0.34347211507515074,0.4925194454839837,0.3450980041456063,0.39770196604521024,2
0.43656852053798617,0.33741530075626325,0.45843526510732174,0.33006738887402687,0.38332303983343263,3
