dataset,model_name,k,cv_accuracy_mean,cv_accuracy_std,cv_macro_f1_mean,cv_macro_f1_std,cv_weighted_f1_mean,cv_weighted_f1_std,test_accuracy,test_macro_f1,test_weighted_f1,test_macro_precision,test_macro_recall
hqrtm_q70,B1_structural,3,0.4472771609360171,0.035981895610058934,0.3333196884759533,0.01270536142175171,0.4683883748718252,0.021004613025129387,0.41178558750443733,0.3232627218177305,0.4474498328084318,0.3298037130757109,0.37274363389197285
