dataset,model_name,k,train_accuracy_mean,train_accuracy_std,train_macro_f1_mean,train_macro_f1_std,train_weighted_f1_mean,train_weighted_f1_std,train_macro_precision_mean,train_macro_precision_std,train_macro_recall_mean,train_macro_recall_std,validation_accuracy_mean,validation_accuracy_std,validation_macro_f1_mean,validation_macro_f1_std,validation_weighted_f1_mean,validation_weighted_f1_std,validation_macro_precision_mean,validation_macro_precision_std,validation_macro_recall_mean,validation_macro_recall_std,cv_accuracy_mean,cv_accuracy_std,cv_macro_f1_mean,cv_macro_f1_std,cv_weighted_f1_mean,cv_weighted_f1_std,final_train_accuracy,final_train_macro_f1,final_train_weighted_f1,final_train_macro_precision,final_train_macro_recall,test_accuracy,test_macro_f1,test_weighted_f1,test_macro_precision,test_macro_recall,train_test_accuracy_gap,train_test_macro_f1_gap,train_test_weighted_f1_gap
hqrtm_q70,B1_structural,3,0.6142752396524905,0.019936608107386546,0.45303204929725577,0.03697101288754163,0.6509394190218823,0.013868520921878182,0.42343330475870117,0.0285502503724054,0.5746374960136569,0.036267096835309494,0.5710848323209249,0.05279638638090745,0.33399327734438566,0.028299775235633564,0.6059880635306285,0.04147100350330346,0.3284550361574855,0.02133354889650331,0.3699016670068682,0.0339044189923955,0.5710848323209249,0.05279638638090745,0.33399327734438566,0.028299775235633564,0.6059880635306285,0.04147100350330346,0.638967803030303,0.4759248900552666,0.6700852486729362,0.4411261698802554,0.5831464934295252,0.5598154064607739,0.34413297962654354,0.5973533051150488,0.3347591471466823,0.3924792791147592,0.0791523965695291,0.13179191042872307,0.07273194355788737
