dataset,model_name,k,cv_accuracy_mean,cv_accuracy_std,cv_macro_f1_mean,cv_macro_f1_std,cv_weighted_f1_mean,cv_weighted_f1_std,test_accuracy,test_macro_f1,test_weighted_f1,test_macro_precision,test_macro_recall
hqrtm_q70,B1_structural,3,0.5828786134363969,0.04221902008574764,0.33325770331824717,0.028506213862469803,0.6119586745638989,0.03490665291738732,0.5537806176783813,0.35415606911815894,0.5945557086240822,0.34420209634416227,0.4192160455608146
