accuracy,macro_f1,weighted_f1,macro_precision,macro_recall,fold
0.5069711538461539,0.343880933443452,0.5503616570797659,0.34344626724761507,0.42209365966696266,1
0.5053638059701493,0.33976688359572255,0.5511777805537152,0.33661378253441865,0.4016957860775938,2
