accuracy,macro_f1,weighted_f1,macro_precision,macro_recall,fold
0.37082215174432787,0.31015598605044736,0.39333857785542775,0.3228271834095957,0.3503269016780697,1
0.377787997240745,0.32483745843856093,0.40601612463380987,0.3319693520407475,0.4063512773417761,2
