dataset,model_name,k,train_accuracy_mean,train_accuracy_std,train_macro_f1_mean,train_macro_f1_std,train_weighted_f1_mean,train_weighted_f1_std,train_macro_precision_mean,train_macro_precision_std,train_macro_recall_mean,train_macro_recall_std,validation_accuracy_mean,validation_accuracy_std,validation_macro_f1_mean,validation_macro_f1_std,validation_weighted_f1_mean,validation_weighted_f1_std,validation_macro_precision_mean,validation_macro_precision_std,validation_macro_recall_mean,validation_macro_recall_std,cv_accuracy_mean,cv_accuracy_std,cv_macro_f1_mean,cv_macro_f1_std,cv_weighted_f1_mean,cv_weighted_f1_std,final_train_accuracy,final_train_macro_f1,final_train_weighted_f1,final_train_macro_precision,final_train_macro_recall,test_accuracy,test_macro_f1,test_weighted_f1,test_macro_precision,test_macro_recall,train_test_accuracy_gap,train_test_macro_f1_gap,train_test_weighted_f1_gap
hqrtm_q60,B1_structural,2,0.6520163605051665,0.002587718559164321,0.5134606665753843,0.03336162393311309,0.676814501170169,0.0015479240953381677,0.47542477540600936,0.025286674271180132,0.623251141920949,0.05401829759379304,0.5401729334098737,0.006839695328928378,0.34119073223880436,0.009462139184499785,0.5723029974213749,0.008000549694565899,0.3332828647884351,0.008570332808063526,0.38190896784805256,0.0029742299809920165,0.5401729334098737,0.006839695328928378,0.34119073223880436,0.009462139184499785,0.5723029974213749,0.008000549694565899,0.6265388257575758,0.48350479794310836,0.6547830509142938,0.4507978365145879,0.5888473533393602,0.546680866169684,0.3577693735853605,0.5824077118753307,0.3481950945614072,0.40862775731657125,0.07985795958789177,0.12573542435774787,0.0723753390389631
