dataset,model_name,k,cv_accuracy_mean,cv_accuracy_std,cv_macro_f1_mean,cv_macro_f1_std,cv_weighted_f1_mean,cv_weighted_f1_std,test_accuracy,test_macro_f1,test_weighted_f1,test_macro_precision,test_macro_recall
hqrtm_q60,B1_structural,2,0.5061674799081516,0.001136566582848635,0.34182390851958727,0.002909072545468978,0.5507697188167406,0.0005770864427150911,0.5168619098331558,0.3553867250145487,0.5618963280539133,0.35081644716495103,0.4295582075813491
