dataset,model_name,k,cv_accuracy_mean,cv_accuracy_std,cv_macro_f1_mean,cv_macro_f1_std,cv_weighted_f1_mean,cv_weighted_f1_std,test_accuracy,test_macro_f1,test_weighted_f1,test_macro_precision,test_macro_recall
hqrtm_q60,B1_structural,2,0.37430507449253647,0.004925596587214343,0.31749672224450415,0.010381368683438162,0.3996773512446188,0.008964379295803666,0.4014909478168264,0.3425783662723996,0.4247366704903134,0.34110958749661663,0.4103753629081429
