accuracy,macro_f1,weighted_f1,macro_precision,macro_recall,fold
0.6174008810572688,0.3865322020070287,0.6316479637851047,0.37299040498164926,0.4092051378898106,1
0.6335721596724667,0.43587813718477564,0.6606007437483619,0.42027647545408664,0.47114692569035677,2
