fold,train_size_raw,train_size_fit,validation_size,train_accuracy,train_macro_f1,train_weighted_f1,train_macro_precision,train_macro_recall,accuracy,macro_f1,weighted_f1,macro_precision,macro_recall,validation_accuracy,validation_macro_f1,validation_weighted_f1,validation_macro_precision,validation_macro_recall
1,4296,12580,4152,0.5607541899441341,0.453144996957049,0.6099192986645939,0.4853606110554427,0.5374626799505088,0.5717726396917149,0.3937150630141869,0.6044470208457682,0.41768955442328903,0.4469328841310598,0.5717726396917149,0.3937150630141869,0.6044470208457682,0.41768955442328903,0.4469328841310598
2,4152,12020,4296,0.7018304431599229,0.5927462220180422,0.7211405191141589,0.5702424071447916,0.6309696711996123,0.5367783985102421,0.3829483779039205,0.5775512493718701,0.3747470732504846,0.4313353397559351,0.5367783985102421,0.3829483779039205,0.5775512493718701,0.3747470732504846,0.4313353397559351
