dataset,model_name,k,train_accuracy_mean,train_accuracy_std,train_macro_f1_mean,train_macro_f1_std,train_weighted_f1_mean,train_weighted_f1_std,train_macro_precision_mean,train_macro_precision_std,train_macro_recall_mean,train_macro_recall_std,validation_accuracy_mean,validation_accuracy_std,validation_macro_f1_mean,validation_macro_f1_std,validation_weighted_f1_mean,validation_weighted_f1_std,validation_macro_precision_mean,validation_macro_precision_std,validation_macro_recall_mean,validation_macro_recall_std,cv_accuracy_mean,cv_accuracy_std,cv_macro_f1_mean,cv_macro_f1_std,cv_weighted_f1_mean,cv_weighted_f1_std,final_train_accuracy,final_train_macro_f1,final_train_weighted_f1,final_train_macro_precision,final_train_macro_recall,test_accuracy,test_macro_f1,test_weighted_f1,test_macro_precision,test_macro_recall,train_test_accuracy_gap,train_test_macro_f1_gap,train_test_weighted_f1_gap
traditional_lihc,B2_structural_socioeconomic,2,0.6312923165520286,0.09975597531327479,0.5229456094875455,0.09871297290257766,0.6655299088893765,0.07864527919173128,0.5278015091001171,0.06002049361407236,0.5842161755750606,0.06611942760059228,0.5542755191009785,0.024744665241896932,0.38833172045905373,0.007613196052369606,0.5909991351088191,0.01901818239443705,0.3962183138368868,0.030364919638265646,0.43913411194349744,0.011029129397508787,0.5542755191009785,0.024744665241896932,0.38833172045905373,0.007613196052369606,0.5909991351088191,0.01901818239443705,0.7497632575757576,0.5736968969761136,0.7456720203670015,0.5584982700459085,0.5956275491762572,0.7199148029818956,0.49313794216780416,0.7121070199850066,0.4890314350344917,0.5001989076217519,0.029848454593861984,0.08055895480830944,0.03356500038199495
