dataset,model_name,k,cv_accuracy_mean,cv_accuracy_std,cv_macro_f1_mean,cv_macro_f1_std,cv_weighted_f1_mean,cv_weighted_f1_std,test_accuracy,test_macro_f1,test_weighted_f1,test_macro_precision,test_macro_recall
traditional_lihc,B2_structural_socioeconomic,2,0.6254865203648677,0.01143482076926348,0.41120516959590214,0.034892845388176656,0.6461243537667333,0.02047270704622115,0.6869009584664537,0.5079009137319421,0.699776943238495,0.49246555320637897,0.5442371784908109
