fold,train_size_raw,train_size_fit,validation_size,train_accuracy,train_macro_f1,train_weighted_f1,train_macro_precision,train_macro_recall,accuracy,macro_f1,weighted_f1,macro_precision,macro_recall,validation_accuracy,validation_macro_f1,validation_weighted_f1,validation_macro_precision,validation_macro_recall
1,4133,12184,4315,0.7585289136220663,0.5790057076667798,0.7667571574873518,0.5556750248626863,0.6197474719545505,0.605098493626883,0.3996399805791092,0.6234007027817077,0.3800209820989497,0.45817589297981454,0.605098493626883,0.3996399805791092,0.6234007027817077,0.3800209820989497,0.45817589297981454
2,4315,12580,4133,0.6122827346465817,0.5115230429918238,0.6573505827313992,0.5148062306176274,0.6530899947566614,0.6281151705782725,0.3969730267035161,0.6500150163951203,0.4084765023012138,0.44538138398424054,0.6281151705782725,0.3969730267035161,0.6500150163951203,0.4084765023012138,0.44538138398424054
