dataset,model_name,k,train_accuracy_mean,train_accuracy_std,train_macro_f1_mean,train_macro_f1_std,train_weighted_f1_mean,train_weighted_f1_std,train_macro_precision_mean,train_macro_precision_std,train_macro_recall_mean,train_macro_recall_std,validation_accuracy_mean,validation_accuracy_std,validation_macro_f1_mean,validation_macro_f1_std,validation_weighted_f1_mean,validation_weighted_f1_std,validation_macro_precision_mean,validation_macro_precision_std,validation_macro_recall_mean,validation_macro_recall_std,cv_accuracy_mean,cv_accuracy_std,cv_macro_f1_mean,cv_macro_f1_std,cv_weighted_f1_mean,cv_weighted_f1_std,final_train_accuracy,final_train_macro_f1,final_train_weighted_f1,final_train_macro_precision,final_train_macro_recall,test_accuracy,test_macro_f1,test_weighted_f1,test_macro_precision,test_macro_recall,train_test_accuracy_gap,train_test_macro_f1_gap,train_test_weighted_f1_gap
hqrtm_q65,B2_structural_socioeconomic,2,0.6854058241343239,0.10341166487618669,0.5452643753293018,0.04771744980419928,0.7120538701093755,0.07736213091632704,0.5352406277401569,0.02889860154959886,0.636418733355606,0.023576723975239716,0.6166068321025777,0.016275248352707654,0.39830650364131265,0.001885821170543643,0.6367078595884139,0.018819161632669494,0.39424874220008177,0.02012109129721175,0.45177863848202754,0.009047084072722655,0.6166068321025777,0.016275248352707654,0.39830650364131265,0.001885821170543643,0.6367078595884139,0.018819161632669494,0.7044270833333334,0.536449163018535,0.7220923711616123,0.5076296564737748,0.5975463822782474,0.6805111821086262,0.4901108834420254,0.6988032743498127,0.47052650552260855,0.5357255237757541,0.023915901224707214,0.046338279576509545,0.02328909681179958
