accuracy,macro_f1,weighted_f1,macro_precision,macro_recall,fold
0.610738255033557,0.3524202069125333,0.6270513469043147,0.35020099275523575,0.4080643924274582,1
0.5589322381930185,0.3297017556625824,0.6183334044772191,0.3310886420550677,0.43180654187172707,2
0.7290666666666666,0.30701245979710456,0.6567023989725697,0.3005183881064163,0.3224871134020618,3
0.6086744639376218,0.30568284749712105,0.6202985850508701,0.29878661935477735,0.32509968326757605,4
