fold,train_size_raw,train_size_fit,validation_size,train_accuracy,train_macro_f1,train_weighted_f1,train_macro_precision,train_macro_recall,accuracy,macro_f1,weighted_f1,macro_precision,macro_recall,validation_accuracy,validation_macro_f1,validation_weighted_f1,validation_macro_precision,validation_macro_recall
1,6362,19244,2086,0.5817353033637221,0.40551438833783254,0.6307316263722987,0.39148165680612423,0.5261515505994567,0.6126558005752637,0.4023131998853915,0.635841982337777,0.38548993577957547,0.4515405436814669,0.6126558005752637,0.4023131998853915,0.635841982337777,0.38548993577957547,0.4515405436814669
2,6013,17660,2435,0.6043572260103109,0.4624045193885138,0.6379080112022054,0.43141412955490255,0.5791270164671262,0.5609856262833676,0.33084074221437126,0.6183181155045203,0.329433237014919,0.41019898008334044,0.5609856262833676,0.33084074221437126,0.6183181155045203,0.329433237014919,0.41019898008334044
3,6573,19916,1875,0.6461280998022212,0.4700252047517662,0.6825389866994676,0.43922261420278064,0.5941728088075864,0.6256,0.3503479938820558,0.6277414034658488,0.34495866165288924,0.36403207242896346,0.6256,0.3503479938820558,0.6277414034658488,0.34495866165288924,0.36403207242896346
4,6396,19224,2052,0.6047529706066291,0.4437563578809543,0.6425388916638868,0.41502188689830855,0.5817658370693309,0.6003898635477583,0.3180408738834875,0.616005664044986,0.31218145316602164,0.3459390134043311,0.6003898635477583,0.3180408738834875,0.616005664044986,0.31218145316602164,0.3459390134043311
