split,accuracy,macro_f1,weighted_f1,macro_precision,macro_recall
train_final,0.689157196969697,0.5072939402284249,0.7090503301369228,0.4716570202206428,0.5787976456941504
test,0.6396876109336174,0.4075960692470235,0.6624114188699108,0.3887329053973064,0.45114536551250395
