dataset,model_name,k,cv_accuracy_mean,cv_accuracy_std,cv_macro_f1_mean,cv_macro_f1_std,cv_weighted_f1_mean,cv_weighted_f1_std,test_accuracy,test_macro_f1,test_weighted_f1,test_macro_precision,test_macro_recall
hqrtm_q70,B3_structural_context,4,0.626852905957716,0.07222882092478612,0.3237043174673353,0.022090443362875398,0.6305964338512434,0.017799968499229806,0.6332978345757898,0.4055038165340952,0.6584842855944631,0.38664413236616935,0.4526443108290842
