dataset,model_name,k,train_accuracy_mean,train_accuracy_std,train_macro_f1_mean,train_macro_f1_std,train_weighted_f1_mean,train_weighted_f1_std,train_macro_precision_mean,train_macro_precision_std,train_macro_recall_mean,train_macro_recall_std,validation_accuracy_mean,validation_accuracy_std,validation_macro_f1_mean,validation_macro_f1_std,validation_weighted_f1_mean,validation_weighted_f1_std,validation_macro_precision_mean,validation_macro_precision_std,validation_macro_recall_mean,validation_macro_recall_std,cv_accuracy_mean,cv_accuracy_std,cv_macro_f1_mean,cv_macro_f1_std,cv_weighted_f1_mean,cv_weighted_f1_std,final_train_accuracy,final_train_macro_f1,final_train_weighted_f1,final_train_macro_precision,final_train_macro_recall,test_accuracy,test_macro_f1,test_weighted_f1,test_macro_precision,test_macro_recall,train_test_accuracy_gap,train_test_macro_f1_gap,train_test_weighted_f1_gap
hqrtm_q70,B3_structural_context,4,0.4539484650255927,0.13594982107336273,0.35613263352665503,0.07554574778970503,0.4930780935307463,0.16220217209016233,0.3822518072015797,0.026137110606616665,0.546464190126536,0.03406155453024507,0.6259725363611381,0.11480455882314548,0.34911400617196364,0.03193534307763512,0.6333643275057241,0.07049913010915902,0.34800082212844896,0.02583208814710705,0.3845391026423656,0.059321633953723675,0.6259725363611381,0.11480455882314548,0.34911400617196364,0.03193534307763512,0.6333643275057241,0.07049913010915902,0.6588541666666666,0.4986193587701816,0.6864235719603708,0.4600658507229233,0.597811857198621,0.6041888533901314,0.39222868309996584,0.6378437616955874,0.3757214512437973,0.45045906707485256,0.05466531327653523,0.10639067567021576,0.04857981026478342
