dataset,model_name,k,train_accuracy_mean,train_accuracy_std,train_macro_f1_mean,train_macro_f1_std,train_weighted_f1_mean,train_weighted_f1_std,train_macro_precision_mean,train_macro_precision_std,train_macro_recall_mean,train_macro_recall_std,validation_accuracy_mean,validation_accuracy_std,validation_macro_f1_mean,validation_macro_f1_std,validation_weighted_f1_mean,validation_weighted_f1_std,validation_macro_precision_mean,validation_macro_precision_std,validation_macro_recall_mean,validation_macro_recall_std,cv_accuracy_mean,cv_accuracy_std,cv_macro_f1_mean,cv_macro_f1_std,cv_weighted_f1_mean,cv_weighted_f1_std,final_train_accuracy,final_train_macro_f1,final_train_weighted_f1,final_train_macro_precision,final_train_macro_recall,test_accuracy,test_macro_f1,test_weighted_f1,test_macro_precision,test_macro_recall,train_test_accuracy_gap,train_test_macro_f1_gap,train_test_weighted_f1_gap
hqrtm_q70,B3_structural_context,4,0.6092433999457209,0.026840362096695217,0.44542511758976666,0.0288046028856976,0.6484293789844646,0.023252761892416582,0.419285071865529,0.021101534461677767,0.570304303235875,0.030157244293734287,0.5999078226015975,0.0279151610634596,0.3503857024663265,0.0370794633970885,0.624476791338283,0.009119841819590272,0.34301582190335134,0.0313212913928312,0.39292765239952543,0.04752773408178375,0.5999078226015975,0.0279151610634596,0.3503857024663265,0.0370794633970885,0.624476791338283,0.009119841819590272,0.689157196969697,0.5072939402284249,0.7090503301369228,0.4716570202206428,0.5787976456941504,0.6396876109336174,0.4075960692470235,0.6624114188699108,0.3887329053973064,0.45114536551250395,0.04946958603607965,0.09969787098140137,0.04663891126701192
