accuracy,macro_f1,weighted_f1,macro_precision,macro_recall,fold
0.4413793103448276,0.3531347519908613,0.4806942345863856,0.3658180035078211,0.41518683324723077,1
0.39875111507582517,0.3442171053685369,0.4238482202600455,0.3491259074372095,0.3949316697737644,2
0.3888888888888889,0.3054206417855987,0.42831464636651184,0.3206441541164304,0.3435273006411757,3
0.4593278129566488,0.3492160407157965,0.48097546911642214,0.3426046396064899,0.40327591280942277,4
