accuracy,macro_f1,weighted_f1,macro_precision,macro_recall,fold
0.5086289549376798,0.3522848264057047,0.5515813020366853,0.35171655148589387,0.43620317630954714,1
0.5601642710472279,0.3563253520658355,0.6207391609271505,0.3542180727780316,0.44601096214225777,2
0.6234666666666666,0.3570205086184468,0.6316882198847888,0.3513176155394715,0.3705503792677138,3
0.4727095516569201,0.2861502205189594,0.5288976558338708,0.29615113990580927,0.3223274107720153,4
