dataset,model_name,k,cv_accuracy_mean,cv_accuracy_std,cv_macro_f1_mean,cv_macro_f1_std,cv_weighted_f1_mean,cv_weighted_f1_std,test_accuracy,test_macro_f1,test_weighted_f1,test_macro_precision,test_macro_recall
hqrtm_q70,B1_structural,4,0.5412423610771235,0.06552163849610176,0.3379452269022366,0.03459307336132449,0.5832265846706238,0.05069115598919715,0.528931487397941,0.3427921884103878,0.5773952102380234,0.3389175358629043,0.41612134055609384
