dataset,model_name,k,train_accuracy_mean,train_accuracy_std,train_macro_f1_mean,train_macro_f1_std,train_weighted_f1_mean,train_weighted_f1_std,train_macro_precision_mean,train_macro_precision_std,train_macro_recall_mean,train_macro_recall_std,validation_accuracy_mean,validation_accuracy_std,validation_macro_f1_mean,validation_macro_f1_std,validation_weighted_f1_mean,validation_weighted_f1_std,validation_macro_precision_mean,validation_macro_precision_std,validation_macro_recall_mean,validation_macro_recall_std,cv_accuracy_mean,cv_accuracy_std,cv_macro_f1_mean,cv_macro_f1_std,cv_weighted_f1_mean,cv_weighted_f1_std,final_train_accuracy,final_train_macro_f1,final_train_weighted_f1,final_train_macro_precision,final_train_macro_recall,test_accuracy,test_macro_f1,test_weighted_f1,test_macro_precision,test_macro_recall,train_test_accuracy_gap,train_test_macro_f1_gap,train_test_weighted_f1_gap
hqrtm_q70,B1_structural,4,0.6289031816755771,0.0379712107557442,0.46398030101011584,0.025217672397666584,0.6622007653069248,0.032383519041073464,0.4328538649143159,0.01927445398085664,0.5751598231225196,0.017354755094855373,0.5719394007192583,0.05070755693749536,0.33908124934318173,0.024979473139853527,0.6035010553506956,0.03785109686086314,0.3357698082373943,0.024974058611973878,0.37903978912283864,0.04778149547966739,0.5719394007192583,0.05070755693749536,0.33908124934318173,0.024979473139853527,0.6035010553506956,0.03785109686086314,0.638967803030303,0.4759248900552666,0.6700852486729362,0.4411261698802554,0.5831464934295252,0.5598154064607739,0.34413297962654354,0.5973533051150488,0.3347591471466823,0.3924792791147592,0.0791523965695291,0.13179191042872307,0.07273194355788737
