fold,train_size_raw,train_size_fit,validation_size,train_accuracy,train_macro_f1,train_weighted_f1,train_macro_precision,train_macro_recall,accuracy,macro_f1,weighted_f1,macro_precision,macro_recall,validation_accuracy,validation_macro_f1,validation_weighted_f1,validation_macro_precision,validation_macro_recall
1,6362,19244,2086,0.7170701037409619,0.558030371565622,0.7462091295277706,0.5273546852405915,0.6503402673050922,0.7157238734419943,0.4559763890743237,0.716820346564988,0.4414008029753308,0.48333962657346563,0.7157238734419943,0.4559763890743237,0.716820346564988,0.4414008029753308,0.48333962657346563
2,6013,17660,2435,0.7448860801596541,0.6141031325913149,0.7674178541374617,0.5819550760349173,0.6929068368434211,0.7597535934291582,0.4476503328639406,0.7548473879247529,0.45215391867731736,0.46028940046463773,0.7597535934291582,0.4476503328639406,0.7548473879247529,0.45215391867731736,0.46028940046463773
3,6573,19916,1875,0.5676251331203408,0.46007596764871783,0.626200704557706,0.46728934175831427,0.6403638292408297,0.7386666666666667,0.4458412075174637,0.713952682674338,0.4735651846041779,0.4545337760828151,0.7386666666666667,0.4458412075174637,0.713952682674338,0.4735651846041779,0.4545337760828151
4,6396,19224,2052,0.7110694183864915,0.562222148637893,0.7399770342391709,0.5326351032241294,0.6469507479495911,0.5545808966861598,0.3128915229520193,0.5824643005349418,0.3105315490401269,0.3358586412725917,0.5545808966861598,0.3128915229520193,0.5824643005349418,0.3105315490401269,0.3358586412725917
