fold,train_size_raw,train_size_fit,validation_size,train_accuracy,train_macro_f1,train_weighted_f1,train_macro_precision,train_macro_recall,accuracy,macro_f1,weighted_f1,macro_precision,macro_recall,validation_accuracy,validation_macro_f1,validation_weighted_f1,validation_macro_precision,validation_macro_recall
1,6362,19244,2086,0.810279786230745,0.6537675779827522,0.8152991478785031,0.6394562439623461,0.6702130147532848,0.7579098753595398,0.46637253523601674,0.7452708549256087,0.4651996209016268,0.47288451992030633,0.7579098753595398,0.46637253523601674,0.7452708549256087,0.4651996209016268,0.47288451992030633
2,6013,17660,2435,0.7189422917013139,0.6042303841275133,0.7505570300910226,0.5773716876681471,0.6931866739557178,0.7404517453798768,0.45089772268937284,0.7472742871237459,0.46749618331064036,0.4685176196411976,0.7404517453798768,0.45089772268937284,0.7472742871237459,0.46749618331064036,0.4685176196411976
3,6573,19916,1875,0.6404990111060399,0.5031503153785521,0.6896968389127965,0.4918040219959753,0.6512589483116364,0.7626666666666667,0.4321666182468945,0.7156051805564873,0.4640375776649511,0.44320606913113314,0.7626666666666667,0.4321666182468945,0.7156051805564873,0.4640375776649511,0.44320606913113314
4,6396,19224,2052,0.6378986866791745,0.5079262114093944,0.6821084270381981,0.49371918287607464,0.6273359310254015,0.4926900584795322,0.3121327616448589,0.5431475389492592,0.31467648009412685,0.39703534523899725,0.4926900584795322,0.3121327616448589,0.5431475389492592,0.31467648009412685,0.39703534523899725
