split,accuracy,macro_f1,weighted_f1,macro_precision,macro_recall
train_final,0.8431581439393939,0.6723352878632802,0.8344733041147332,0.6855675533104989,0.6640030204242079
test,0.8001419950301739,0.5638481134523443,0.7876024764091475,0.5761230408509259,0.556813866585594
