dataset,model_name,k,train_accuracy_mean,train_accuracy_std,train_macro_f1_mean,train_macro_f1_std,train_weighted_f1_mean,train_weighted_f1_std,train_macro_precision_mean,train_macro_precision_std,train_macro_recall_mean,train_macro_recall_std,validation_accuracy_mean,validation_accuracy_std,validation_macro_f1_mean,validation_macro_f1_std,validation_weighted_f1_mean,validation_weighted_f1_std,validation_macro_precision_mean,validation_macro_precision_std,validation_macro_recall_mean,validation_macro_recall_std,cv_accuracy_mean,cv_accuracy_std,cv_macro_f1_mean,cv_macro_f1_std,cv_weighted_f1_mean,cv_weighted_f1_std,final_train_accuracy,final_train_macro_f1,final_train_weighted_f1,final_train_macro_precision,final_train_macro_recall,test_accuracy,test_macro_f1,test_weighted_f1,test_macro_precision,test_macro_recall,train_test_accuracy_gap,train_test_macro_f1_gap,train_test_weighted_f1_gap
hqrtm_q70,B4_structural_context_socioeconomic,4,0.685162683851862,0.07973121980907606,0.5486079051108869,0.06429530639795739,0.7199511806155274,0.06359442205817427,0.5273085515644882,0.046964250458384565,0.6576404203347335,0.02387301170183638,0.6921812575559947,0.09347910267328319,0.41558986310193685,0.0686076723357129,0.6920211794247552,0.07537867008687558,0.41941286382423826,0.07380844733943559,0.4335053610983775,0.06627698169980327,0.6921812575559947,0.09347910267328319,0.41558986310193685,0.0686076723357129,0.6920211794247552,0.07537867008687558,0.8431581439393939,0.6723352878632802,0.8344733041147332,0.6855675533104989,0.6640030204242079,0.8001419950301739,0.5638481134523443,0.7876024764091475,0.5761230408509259,0.556813866585594,0.04301614890922001,0.10848717441093592,0.046870827705585705
