dataset,model_name,k,train_accuracy_mean,train_accuracy_std,train_macro_f1_mean,train_macro_f1_std,train_weighted_f1_mean,train_weighted_f1_std,train_macro_precision_mean,train_macro_precision_std,train_macro_recall_mean,train_macro_recall_std,validation_accuracy_mean,validation_accuracy_std,validation_macro_f1_mean,validation_macro_f1_std,validation_weighted_f1_mean,validation_weighted_f1_std,validation_macro_precision_mean,validation_macro_precision_std,validation_macro_recall_mean,validation_macro_recall_std,cv_accuracy_mean,cv_accuracy_std,cv_macro_f1_mean,cv_macro_f1_std,cv_weighted_f1_mean,cv_weighted_f1_std,final_train_accuracy,final_train_macro_f1,final_train_weighted_f1,final_train_macro_precision,final_train_macro_recall,test_accuracy,test_macro_f1,test_weighted_f1,test_macro_precision,test_macro_recall,train_test_accuracy_gap,train_test_macro_f1_gap,train_test_weighted_f1_gap
hqrtm_q70,B4_structural_context_socioeconomic,4,0.7019049439293183,0.08145114530815717,0.567268622224553,0.07411909377118017,0.73441536098013,0.062017476082684944,0.5505877841256358,0.071424900282095,0.6604986420115101,0.02797626261533949,0.6884295864714038,0.13084204530129173,0.4153924094542857,0.070246066174526,0.6878244653887753,0.09753213172138382,0.4278524654928363,0.07546434123351117,0.44541088848290855,0.034803140958333596,0.6884295864714038,0.13084204530129173,0.4153924094542857,0.070246066174526,0.6878244653887753,0.09753213172138382,0.830374053030303,0.6648882227374799,0.8283306346349911,0.6676495370745517,0.6633834518834936,0.7809726659566916,0.5487268120075959,0.77878746640845,0.5496525893587874,0.5487246233232239,0.049401387073611414,0.11616141072988406,0.049543168226541145
