dataset,model_name,k,cv_accuracy_mean,cv_accuracy_std,cv_macro_f1_mean,cv_macro_f1_std,cv_weighted_f1_mean,cv_weighted_f1_std,test_accuracy,test_macro_f1,test_weighted_f1,test_macro_precision,test_macro_recall
hqrtm_q70,B4_structural_context_socioeconomic,4,0.6811840298312033,0.07706420188053242,0.38693965148042775,0.05873420915614771,0.6802143866820112,0.06367127736768305,0.7436989705360313,0.5754161675689703,0.7593338545355008,0.5547671581953424,0.6114905833392388
