fold,train_size_raw,train_size_fit,validation_size,train_accuracy,train_macro_f1,train_weighted_f1,train_macro_precision,train_macro_recall,accuracy,macro_f1,weighted_f1,macro_precision,macro_recall,validation_accuracy,validation_macro_f1,validation_weighted_f1,validation_macro_precision,validation_macro_recall
1,5604,16380,2844,0.5931477516059958,0.4666603107893589,0.6352436232514816,0.4450851916288137,0.5898093632421991,0.5931786216596343,0.4027159250180701,0.6243149332707281,0.3907546402219949,0.48481536577692685,0.5931786216596343,0.4027159250180701,0.6243149332707281,0.3907546402219949,0.48481536577692685
2,5646,16504,2802,0.5642933049946866,0.4616053189381485,0.6099293281597363,0.4506816322994006,0.5690262856546642,0.5517487508922199,0.37357121590200193,0.5824881385815716,0.4462313370420655,0.38804526217465674,0.5517487508922199,0.37357121590200193,0.5824881385815716,0.4462313370420655,0.38804526217465674
3,5646,16316,2802,0.7169677647892313,0.5792738189785953,0.7296090757866811,0.5453722048561035,0.6333287257247702,0.719129193433262,0.43807453280580566,0.7041930171439903,0.4630109657029439,0.46916062850152807,0.719129193433262,0.43807453280580566,0.7041930171439903,0.4630109657029439,0.46916062850152807
