fold,train_size_raw,train_size_fit,validation_size,train_accuracy,train_macro_f1,train_weighted_f1,train_macro_precision,train_macro_recall,accuracy,macro_f1,weighted_f1,macro_precision,macro_recall,validation_accuracy,validation_macro_f1,validation_weighted_f1,validation_macro_precision,validation_macro_recall
1,5604,16380,2844,0.6384725196288366,0.516024627097585,0.6733869022541917,0.4862951733665799,0.6167013154699722,0.5931786216596343,0.3836746414680672,0.6224671734449585,0.37958625791426465,0.47813785251535423,0.5931786216596343,0.3836746414680672,0.6224671734449585,0.37958625791426465,0.47813785251535423
2,5646,16504,2802,0.7977329082536309,0.6616941676995773,0.7983984225955433,0.6535289755423797,0.6715334853663849,0.6573875802997858,0.40051591910652107,0.6569449323375967,0.42237384238072895,0.41750394496431775,0.6573875802997858,0.40051591910652107,0.6569449323375967,0.42237384238072895,0.41750394496431775
3,5646,16316,2802,0.7422954303931987,0.6097539680981766,0.7489107107487164,0.5877904243822939,0.6370790407058132,0.7473233404710921,0.4141814276950767,0.707852677350956,0.49280485719151534,0.43295052003007956,0.7473233404710921,0.4141814276950767,0.707852677350956,0.49280485719151534,0.43295052003007956
