fold,train_size_raw,train_size_fit,validation_size,train_accuracy,train_macro_f1,train_weighted_f1,train_macro_precision,train_macro_recall,accuracy,macro_f1,weighted_f1,macro_precision,macro_recall,validation_accuracy,validation_macro_f1,validation_weighted_f1,validation_macro_precision,validation_macro_recall
1,5604,16380,2844,0.5749464668094219,0.452775266757328,0.620808227466752,0.43831276017178056,0.5839992419843165,0.5819268635724332,0.4209139461604738,0.6189914673629701,0.4170530511510889,0.49489490339354947,0.5819268635724332,0.4209139461604738,0.6189914673629701,0.4170530511510889,0.49489490339354947
2,5646,16504,2802,0.7800212539851222,0.648980237065026,0.7877956536460773,0.63600735712701,0.6667967442453484,0.6648822269807281,0.38681058763920123,0.658355584090335,0.43956413420279894,0.3868241790673602,0.6648822269807281,0.38681058763920123,0.658355584090335,0.43956413420279894,0.3868241790673602
3,5646,16316,2802,0.7817924194119731,0.6532726609559247,0.776865044073546,0.6510790205689823,0.6579218950056188,0.7401855817273376,0.40924622497701835,0.7082674672795868,0.4681536702972099,0.4442588356366135,0.7401855817273376,0.40924622497701835,0.7082674672795868,0.4681536702972099,0.4442588356366135
