split,accuracy,macro_f1,weighted_f1,macro_precision,macro_recall
train_final,0.8046875,0.6432109658901116,0.7940310121375288,0.6469314159969406,0.6453892515111204
test,0.7632232871849485,0.5548367351707421,0.7455703223233241,0.5630467297275447,0.5536585464092606
