dataset,model_name,k,train_accuracy_mean,train_accuracy_std,train_macro_f1_mean,train_macro_f1_std,train_weighted_f1_mean,train_weighted_f1_std,train_macro_precision_mean,train_macro_precision_std,train_macro_recall_mean,train_macro_recall_std,validation_accuracy_mean,validation_accuracy_std,validation_macro_f1_mean,validation_macro_f1_std,validation_weighted_f1_mean,validation_weighted_f1_std,validation_macro_precision_mean,validation_macro_precision_std,validation_macro_recall_mean,validation_macro_recall_std,cv_accuracy_mean,cv_accuracy_std,cv_macro_f1_mean,cv_macro_f1_std,cv_weighted_f1_mean,cv_weighted_f1_std,final_train_accuracy,final_train_macro_f1,final_train_weighted_f1,final_train_macro_precision,final_train_macro_recall,test_accuracy,test_macro_f1,test_weighted_f1,test_macro_precision,test_macro_recall,train_test_accuracy_gap,train_test_macro_f1_gap,train_test_weighted_f1_gap
traditional_lihc,B4_structural_context_socioeconomic,3,0.7122533800688391,0.11891457260724674,0.5850093882594263,0.11453821804440889,0.7284896417287917,0.09341485315254495,0.5751330459559242,0.11872923696911425,0.6362392937450946,0.04545831049691091,0.662331557426833,0.07916018509571744,0.4056569195922311,0.017332688783525778,0.6618715062442972,0.04474172908731266,0.4415902852170326,0.02561049170220256,0.4419926393658411,0.05407099128229522,0.662331557426833,0.07916018509571744,0.4056569195922311,0.017332688783525778,0.6618715062442972,0.04474172908731266,0.8293087121212122,0.6904847080489405,0.8155205414880854,0.7113818737658372,0.6800583824776096,0.7763578274760383,0.5431284917289568,0.7548418070490115,0.5607939027560152,0.5380477268805306,0.052950884645173835,0.14735621631998364,0.0606787344390739
