dataset,model_name,k,cv_accuracy_mean,cv_accuracy_std,cv_macro_f1_mean,cv_macro_f1_std,cv_weighted_f1_mean,cv_weighted_f1_std,test_accuracy,test_macro_f1,test_weighted_f1,test_macro_precision,test_macro_recall
traditional_lihc,B4_structural_context_socioeconomic,3,0.6759520274346936,0.06553963371978257,0.40270430864821743,0.033236683612682894,0.6673497821800924,0.039953159045357726,0.7589634362797302,0.5576533219770865,0.7466032801649573,0.5631698337285915,0.5566707643945796
