dataset,model_name,k,train_accuracy_mean,train_accuracy_std,train_macro_f1_mean,train_macro_f1_std,train_weighted_f1_mean,train_weighted_f1_std,train_macro_precision_mean,train_macro_precision_std,train_macro_recall_mean,train_macro_recall_std,validation_accuracy_mean,validation_accuracy_std,validation_macro_f1_mean,validation_macro_f1_std,validation_weighted_f1_mean,validation_weighted_f1_std,validation_macro_precision_mean,validation_macro_precision_std,validation_macro_recall_mean,validation_macro_recall_std,cv_accuracy_mean,cv_accuracy_std,cv_macro_f1_mean,cv_macro_f1_std,cv_weighted_f1_mean,cv_weighted_f1_std,final_train_accuracy,final_train_macro_f1,final_train_weighted_f1,final_train_macro_precision,final_train_macro_recall,test_accuracy,test_macro_f1,test_weighted_f1,test_macro_precision,test_macro_recall,train_test_accuracy_gap,train_test_macro_f1_gap,train_test_weighted_f1_gap
traditional_lihc,B4_structural_context_socioeconomic,3,0.6248029404633045,0.08111048578687548,0.5025131495687009,0.06652472105800426,0.658260675732633,0.06307256952671546,0.48037967626143924,0.056354694719171664,0.5973881248738778,0.032814313502566944,0.6213521886617054,0.08717433994315023,0.40478722457529254,0.03230150436574039,0.6369986963320966,0.06183589370681867,0.4333323143223348,0.037815773605009165,0.44734041881770387,0.05194424319193672,0.6213521886617054,0.08717433994315023,0.40478722457529254,0.03230150436574039,0.6369986963320966,0.06183589370681867,0.8046875,0.6432109658901116,0.7940310121375288,0.6469314159969406,0.6453892515111204,0.7632232871849485,0.5548367351707421,0.7455703223233241,0.5630467297275447,0.5536585464092606,0.04146421281505153,0.08837423071936956,0.048460689814204705
