accuracy,macro_f1,weighted_f1,macro_precision,macro_recall,fold
0.610485056344929,0.38888500037453705,0.6193344420988888,0.3873324749245919,0.3915720438274958,1
0.6359265734265734,0.3131993682313218,0.658979099985514,0.30726995954016223,0.3338548063161427,2
0.6395014381591563,0.350191137326211,0.628121497932446,0.34254100493192674,0.36297142439676044,3
0.6743728480078701,0.30385349457033345,0.6385562095065604,0.31692344280095663,0.30456754405869446,4
