fold,train_size_raw,train_size_fit,validation_size,train_accuracy,train_macro_f1,train_weighted_f1,train_macro_precision,train_macro_recall,accuracy,macro_f1,weighted_f1,macro_precision,macro_recall,validation_accuracy,validation_macro_f1,validation_weighted_f1,validation_macro_precision,validation_macro_recall
1,6407,18928,2041,0.5429998439207118,0.41428607203874435,0.5968356584623312,0.4115286446215478,0.5753862561902463,0.5237628613424792,0.36482980961276357,0.5634881732325303,0.3797009519313183,0.4185734861022242,0.5237628613424792,0.36482980961276357,0.5634881732325303,0.3797009519313183,0.4185734861022242
2,6160,17612,2288,0.6282467532467533,0.4996475207590205,0.6572792596998831,0.46447685810634753,0.6276766901578883,0.604458041958042,0.29661121334649887,0.637666789102947,0.2961961670612585,0.3438911820112579,0.604458041958042,0.29661121334649887,0.637666789102947,0.2961961670612585,0.3438911820112579
3,6362,18864,2086,0.5930524992140837,0.42621602652055757,0.6376441454817078,0.4085739705197558,0.5485476333270498,0.5829338446788112,0.3640946522388705,0.6048212927479275,0.357817720571137,0.3831824080503893,0.5829338446788112,0.3640946522388705,0.6048212927479275,0.357817720571137,0.3831824080503893
4,6415,18888,2033,0.5664848012470771,0.4366692806367369,0.6192482783523731,0.4338958613558808,0.5906869387991939,0.6128873585833743,0.37558478944025925,0.6367019325558109,0.3691056205075288,0.39811663262990693,0.6128873585833743,0.37558478944025925,0.6367019325558109,0.3691056205075288,0.39811663262990693
