fold,train_size_raw,train_size_fit,validation_size,train_accuracy,train_macro_f1,train_weighted_f1,train_macro_precision,train_macro_recall,accuracy,macro_f1,weighted_f1,macro_precision,macro_recall,validation_accuracy,validation_macro_f1,validation_weighted_f1,validation_macro_precision,validation_macro_recall
1,6407,18928,2041,0.6494459185266115,0.5040664284819438,0.6821749985462268,0.46761669979405973,0.6414226479060827,0.6178343949044586,0.402376565389175,0.6255351506627043,0.3958472434580329,0.4137556806167182,0.6178343949044586,0.402376565389175,0.6255351506627043,0.3958472434580329,0.4137556806167182
2,6160,17612,2288,0.5654220779220779,0.44112556658450797,0.6045366760236206,0.421763523211342,0.5838609570039199,0.5310314685314685,0.2934545998541217,0.5878104901973858,0.30328090826567905,0.3503030174280539,0.5310314685314685,0.2934545998541217,0.5878104901973858,0.30328090826567905,0.3503030174280539
3,6362,18864,2086,0.5855077019805093,0.39109000926410253,0.6288976577121952,0.3802523154000655,0.48398482359541006,0.5230105465004794,0.35900668992426854,0.560951814230894,0.3548257810796661,0.42008871933400804,0.5230105465004794,0.35900668992426854,0.560951814230894,0.3548257810796661,0.42008871933400804
4,6415,18888,2033,0.5533904910366328,0.43289418483035097,0.6075090570981231,0.4334452808346688,0.5940283125515858,0.6556812592228234,0.3750711641921143,0.6566961491731557,0.379352448255485,0.37511007920299955,0.6556812592228234,0.3750711641921143,0.6566961491731557,0.379352448255485,0.37511007920299955
