split,accuracy,macro_f1,weighted_f1,macro_precision,macro_recall
train_final,0.689749053030303,0.5361116666544053,0.7115135947905292,0.49532345395640087,0.6290331070027955
test,0.6347177848775293,0.43994623913854625,0.6602886325751565,0.4147938782667221,0.5109906779141187
