split,accuracy,macro_f1,weighted_f1,macro_precision,macro_recall
train_final,0.6822916666666666,0.5314513835870245,0.7056424949344556,0.49007428377890483,0.6343680016276777
test,0.6265530706425275,0.43171336037954755,0.6544516893328373,0.40835921592119384,0.5040924799142258
