dataset,model_name,k,train_accuracy_mean,train_accuracy_std,train_macro_f1_mean,train_macro_f1_std,train_weighted_f1_mean,train_weighted_f1_std,train_macro_precision_mean,train_macro_precision_std,train_macro_recall_mean,train_macro_recall_std,validation_accuracy_mean,validation_accuracy_std,validation_macro_f1_mean,validation_macro_f1_std,validation_weighted_f1_mean,validation_weighted_f1_std,validation_macro_precision_mean,validation_macro_precision_std,validation_macro_recall_mean,validation_macro_recall_std,cv_accuracy_mean,cv_accuracy_std,cv_macro_f1_mean,cv_macro_f1_std,cv_weighted_f1_mean,cv_weighted_f1_std,final_train_accuracy,final_train_macro_f1,final_train_weighted_f1,final_train_macro_precision,final_train_macro_recall,test_accuracy,test_macro_f1,test_weighted_f1,test_macro_precision,test_macro_recall,train_test_accuracy_gap,train_test_macro_f1_gap,train_test_weighted_f1_gap
hqrtm_q65,B3_structural_context,4,0.5826959744071565,0.03660927009102694,0.44420472498876484,0.03807626378436066,0.6277518354990738,0.025805988087014953,0.429618833650883,0.025842574937829748,0.5855743796185946,0.03303291597811662,0.5810105266406766,0.040194994396613316,0.3502801161595981,0.036162653874171995,0.6106695469098039,0.034961027288844974,0.35070511501781065,0.03742170371000943,0.38594092719844464,0.03156433747950318,0.5810105266406766,0.040194994396613316,0.3502801161595981,0.036162653874171995,0.6106695469098039,0.034961027288844974,0.6822916666666666,0.5314513835870245,0.7056424949344556,0.49007428377890483,0.6343680016276777,0.6265530706425275,0.43171336037954755,0.6544516893328373,0.40835921592119384,0.5040924799142258,0.05573859602413911,0.09973802320747693,0.05119080560161837
