dataset,model_name,k,train_accuracy_mean,train_accuracy_std,train_macro_f1_mean,train_macro_f1_std,train_weighted_f1_mean,train_weighted_f1_std,train_macro_precision_mean,train_macro_precision_std,train_macro_recall_mean,train_macro_recall_std,validation_accuracy_mean,validation_accuracy_std,validation_macro_f1_mean,validation_macro_f1_std,validation_weighted_f1_mean,validation_weighted_f1_std,validation_macro_precision_mean,validation_macro_precision_std,validation_macro_recall_mean,validation_macro_recall_std,cv_accuracy_mean,cv_accuracy_std,cv_macro_f1_mean,cv_macro_f1_std,cv_weighted_f1_mean,cv_weighted_f1_std,final_train_accuracy,final_train_macro_f1,final_train_weighted_f1,final_train_macro_precision,final_train_macro_recall,test_accuracy,test_macro_f1,test_weighted_f1,test_macro_precision,test_macro_recall,train_test_accuracy_gap,train_test_macro_f1_gap,train_test_weighted_f1_gap
hqrtm_q65,B3_structural_context,4,0.5884415473664578,0.04277309618881065,0.4422940472902263,0.0466454833458353,0.6307795973450414,0.03594086775189775,0.42576945481003403,0.03604611715545072,0.5758241852642496,0.06616546582369837,0.5818894172898075,0.06529555811568705,0.3574772548399199,0.046284386342118546,0.607748401066035,0.04203051008968698,0.3583265952647158,0.040382210984501066,0.38981437414544495,0.03300043298479102,0.5818894172898075,0.06529555811568705,0.3574772548399199,0.046284386342118546,0.607748401066035,0.04203051008968698,0.689749053030303,0.5361116666544053,0.7115135947905292,0.49532345395640087,0.6290331070027955,0.6347177848775293,0.43994623913854625,0.6602886325751565,0.4147938782667221,0.5109906779141187,0.055031268152773705,0.0961654275158591,0.05122496221537276
