dataset,model_name,k,cv_accuracy_mean,cv_accuracy_std,cv_macro_f1_mean,cv_macro_f1_std,cv_weighted_f1_mean,cv_weighted_f1_std,test_accuracy,test_macro_f1,test_weighted_f1,test_macro_precision,test_macro_recall
hqrtm_q65,B3_structural_context,4,0.6400714789846322,0.02626433265927656,0.33903225012560084,0.03879304104398012,0.6362478123808523,0.017069848800980506,0.6325878594249201,0.4392697488257403,0.6591229727674381,0.4141931428684627,0.5131584025394704
