fold,train_size_raw,train_size_fit,validation_size,train_accuracy,train_macro_f1,train_weighted_f1,train_macro_precision,train_macro_recall,accuracy,macro_f1,weighted_f1,macro_precision,macro_recall,validation_accuracy,validation_macro_f1,validation_weighted_f1,validation_macro_precision,validation_macro_recall
1,6362,18572,2086,0.6416221314052185,0.528666412016429,0.6782191639973719,0.5016352488235021,0.6692572600384088,0.6553211888782359,0.4988781631655249,0.6740850837259987,0.4903819523628065,0.5222798040535471,0.6553211888782359,0.4988781631655249,0.6740850837259987,0.4903819523628065,0.5222798040535471
2,6005,16844,2443,0.7463780183180683,0.6635010684320191,0.7649370871710537,0.6389344126827505,0.7173500810418489,0.5984445354072861,0.3521271154313373,0.6307132096483291,0.34376610538108404,0.4111341176124338,0.5984445354072861,0.3521271154313373,0.6307132096483291,0.34376610538108404,0.4111341176124338
3,6415,18548,2033,0.5826968043647701,0.4912274789920462,0.6299185220926123,0.49120162173153814,0.651296675539774,0.6989670437776685,0.4772259891784584,0.7177171718741636,0.5369169274348722,0.4662539463160079,0.6989670437776685,0.4772259891784584,0.7177171718741636,0.5369169274348722,0.4662539463160079
4,6562,18936,1886,0.7837549527583054,0.6893186421337236,0.8010338459791504,0.657894428635815,0.7523162298121794,0.721102863202545,0.3728021619547681,0.6397163166879458,0.5380312711274763,0.3552200815798846,0.721102863202545,0.3728021619547681,0.6397163166879458,0.5380312711274763,0.3552200815798846
