accuracy,macro_f1,weighted_f1,macro_precision,macro_recall,fold
0.6577181208053692,0.44466615982832997,0.6567843084663026,0.4319907858932465,0.46290819911629966,1
0.6320098239869013,0.36434792141721584,0.6547923388206781,0.35303455714949494,0.39431208268392615,2
0.690113133300541,0.35659023332943424,0.6438295587848116,0.5110553666588149,0.3878952739138404,3
0.7051961823966065,0.35883344617012347,0.6468873776540424,0.4218185621614777,0.3527936855884472,4
