fold,train_size_raw,train_size_fit,validation_size,train_accuracy,train_macro_f1,train_weighted_f1,train_macro_precision,train_macro_recall,accuracy,macro_f1,weighted_f1,macro_precision,macro_recall,validation_accuracy,validation_macro_f1,validation_weighted_f1,validation_macro_precision,validation_macro_recall
1,6362,18572,2086,0.5620873939012889,0.4321989424930381,0.6035599016947502,0.44057431525241625,0.5248580875176888,0.5618408437200384,0.45256118788468724,0.5937505459268358,0.439537887621796,0.5111553102998634,0.5618408437200384,0.45256118788468724,0.5937505459268358,0.439537887621796,0.5111553102998634
2,6005,16844,2443,0.7079100749375521,0.6061274475033434,0.7309499745725677,0.5821723527688587,0.6812946610627562,0.6180925092099877,0.36656728112906234,0.6419510867760012,0.3598899155153429,0.4262302042785374,0.6180925092099877,0.36656728112906234,0.6419510867760012,0.3598899155153429,0.4262302042785374
3,6415,18548,2033,0.47763055339049104,0.4211088773180687,0.5347449534246093,0.5106897007177136,0.5947485240491054,0.7004426955238564,0.48784784234466455,0.7164198508994235,0.5675822251342564,0.4781799446679773,0.7004426955238564,0.48784784234466455,0.7164198508994235,0.5675822251342564,0.4781799446679773
4,6562,18936,1886,0.7930508991161231,0.6813249331520893,0.8040105695687529,0.6557998915724426,0.7185030663187215,0.7200424178154825,0.3679758557647025,0.6415102970738557,0.462647914883209,0.36221967684132883,0.7200424178154825,0.3679758557647025,0.6415102970738557,0.462647914883209,0.36221967684132883
