split,accuracy,macro_f1,weighted_f1,macro_precision,macro_recall
train_final,0.8400804924242424,0.7300048430096069,0.8328907079809815,0.7536548455295917,0.7136696894095325
test,0.7909123180688676,0.596921533765765,0.7828028651601048,0.6171845735008082,0.5867906371300784
