split,accuracy,macro_f1,weighted_f1,macro_precision,macro_recall
train_final,0.7547348484848485,0.6453609218247123,0.7715806283621255,0.6156549985795738,0.7013892144238034
test,0.7223997160099397,0.5839366870689924,0.7400424011900055,0.5633802364263056,0.6207437306753666
