dataset,model_name,k,train_accuracy_mean,train_accuracy_std,train_macro_f1_mean,train_macro_f1_std,train_weighted_f1_mean,train_weighted_f1_std,train_macro_precision_mean,train_macro_precision_std,train_macro_recall_mean,train_macro_recall_std,validation_accuracy_mean,validation_accuracy_std,validation_macro_f1_mean,validation_macro_f1_std,validation_weighted_f1_mean,validation_weighted_f1_std,validation_macro_precision_mean,validation_macro_precision_std,validation_macro_recall_mean,validation_macro_recall_std,cv_accuracy_mean,cv_accuracy_std,cv_macro_f1_mean,cv_macro_f1_std,cv_weighted_f1_mean,cv_weighted_f1_std,final_train_accuracy,final_train_macro_f1,final_train_weighted_f1,final_train_macro_precision,final_train_macro_recall,test_accuracy,test_macro_f1,test_weighted_f1,test_macro_precision,test_macro_recall,train_test_accuracy_gap,train_test_macro_f1_gap,train_test_weighted_f1_gap
hqrtm_q60,B4_structural_context_socioeconomic,4,0.6369300497410526,0.09396439318594345,0.5427566025817432,0.08777022174535068,0.6746085273336369,0.07881313004210642,0.5339569080308715,0.06611786471477557,0.6646038697554378,0.043716316280608764,0.665814902780095,0.07397292755921842,0.43552105785191925,0.10074420749642471,0.6719943534182464,0.06589772339740863,0.4671793699723858,0.10962532482899832,0.46872597437792474,0.06889481515954976,0.665814902780095,0.07397292755921842,0.43552105785191925,0.10074420749642471,0.6719943534182464,0.06589772339740863,0.7547348484848485,0.6453609218247123,0.7715806283621255,0.6156549985795738,0.7013892144238034,0.7223997160099397,0.5839366870689924,0.7400424011900055,0.5633802364263056,0.6207437306753666,0.03233513247490882,0.0614242347557199,0.03153822717211996
