dataset,model_name,k,train_accuracy_mean,train_accuracy_std,train_macro_f1_mean,train_macro_f1_std,train_weighted_f1_mean,train_weighted_f1_std,train_macro_precision_mean,train_macro_precision_std,train_macro_recall_mean,train_macro_recall_std,validation_accuracy_mean,validation_accuracy_std,validation_macro_f1_mean,validation_macro_f1_std,validation_weighted_f1_mean,validation_weighted_f1_std,validation_macro_precision_mean,validation_macro_precision_std,validation_macro_recall_mean,validation_macro_recall_std,cv_accuracy_mean,cv_accuracy_std,cv_macro_f1_mean,cv_macro_f1_std,cv_weighted_f1_mean,cv_weighted_f1_std,final_train_accuracy,final_train_macro_f1,final_train_weighted_f1,final_train_macro_precision,final_train_macro_recall,test_accuracy,test_macro_f1,test_weighted_f1,test_macro_precision,test_macro_recall,train_test_accuracy_gap,train_test_macro_f1_gap,train_test_weighted_f1_gap
hqrtm_q60,B4_structural_context_socioeconomic,4,0.6351697303363638,0.14186524281814644,0.5351900501166349,0.12911132228225553,0.6683163498151701,0.12161497678011138,0.5473090650778578,0.09259048354365616,0.629851084737068,0.08710402710837849,0.6501046165673413,0.07357646102560217,0.4187380417807791,0.06115215325305621,0.648407945169029,0.050669909487956216,0.45741448578865107,0.08562502387663244,0.44444628402192676,0.06501562514037995,0.6501046165673413,0.07357646102560217,0.4187380417807791,0.06115215325305621,0.648407945169029,0.050669909487956216,0.8400804924242424,0.7300048430096069,0.8328907079809815,0.7536548455295917,0.7136696894095325,0.7909123180688676,0.596921533765765,0.7828028651601048,0.6171845735008082,0.5867906371300784,0.049168174355374794,0.13308330924384193,0.05008784282087675
