accuracy,macro_f1,weighted_f1,macro_precision,macro_recall,fold
0.5949519230769231,0.37683772919182823,0.6098134689992778,0.3733250899280576,0.4733258667082418,1
0.6875,0.3882067027055949,0.6734246080637227,0.5053143083360102,0.4133120356002387,2
