fold,train_size_raw,train_size_fit,validation_size,train_accuracy,train_macro_f1,train_weighted_f1,train_macro_precision,train_macro_recall,accuracy,macro_f1,weighted_f1,macro_precision,macro_recall,validation_accuracy,validation_macro_f1,validation_weighted_f1,validation_macro_precision,validation_macro_recall
1,4288,12332,4160,0.6688432835820896,0.5475640200515817,0.6994383570099839,0.5239787288976975,0.6445825278535043,0.5706730769230769,0.3910975373910839,0.5981489694824188,0.37539528840001063,0.4649359889043869,0.5706730769230769,0.3910975373910839,0.5981489694824188,0.37539528840001063,0.4649359889043869
2,4160,11968,4288,0.6069711538461539,0.5783543866563698,0.6482597505931457,0.5851948587528684,0.7334992458116364,0.7124533582089553,0.41119921364165124,0.6928449503206698,0.5334005790522557,0.39008260564470143,0.7124533582089553,0.41119921364165124,0.6928449503206698,0.5334005790522557,0.39008260564470143
