fold,train_size_raw,train_size_fit,validation_size,train_accuracy,train_macro_f1,train_weighted_f1,train_macro_precision,train_macro_recall,accuracy,macro_f1,weighted_f1,macro_precision,macro_recall,validation_accuracy,validation_macro_f1,validation_weighted_f1,validation_macro_precision,validation_macro_recall
1,4288,12332,4160,0.6375932835820896,0.5031686860381741,0.6770963390425845,0.5139214827040817,0.6112043097747035,0.46274038461538464,0.381685671629939,0.5157642321184187,0.39763768887394396,0.4516313099915942,0.46274038461538464,0.381685671629939,0.5157642321184187,0.39763768887394396,0.4516313099915942
2,4160,11968,4288,0.5108173076923077,0.5162119827255711,0.5501083344556433,0.568565942911864,0.708544493727131,0.6396921641791045,0.40694806639637915,0.6637468668001825,0.5298377506568857,0.4281518657879252,0.6396921641791045,0.40694806639637915,0.6637468668001825,0.5298377506568857,0.4281518657879252
