split,accuracy,macro_f1,weighted_f1,macro_precision,macro_recall
train_final,0.7964015151515151,0.686904254124102,0.806386280251407,0.658408778428883,0.7274128943684539
test,0.7341143059992901,0.5871372680365925,0.7471160130332491,0.5673831616296069,0.6178360804624635
