dataset,model_name,k,train_accuracy_mean,train_accuracy_std,train_macro_f1_mean,train_macro_f1_std,train_weighted_f1_mean,train_weighted_f1_std,train_macro_precision_mean,train_macro_precision_std,train_macro_recall_mean,train_macro_recall_std,validation_accuracy_mean,validation_accuracy_std,validation_macro_f1_mean,validation_macro_f1_std,validation_weighted_f1_mean,validation_weighted_f1_std,validation_macro_precision_mean,validation_macro_precision_std,validation_macro_recall_mean,validation_macro_recall_std,cv_accuracy_mean,cv_accuracy_std,cv_macro_f1_mean,cv_macro_f1_std,cv_weighted_f1_mean,cv_weighted_f1_std,final_train_accuracy,final_train_macro_f1,final_train_weighted_f1,final_train_macro_precision,final_train_macro_recall,test_accuracy,test_macro_f1,test_weighted_f1,test_macro_precision,test_macro_recall,train_test_accuracy_gap,train_test_macro_f1_gap,train_test_weighted_f1_gap
hqrtm_q60,B4_structural_context_socioeconomic,2,0.6379072187141217,0.04375020250273397,0.5629592033539758,0.021772077021465535,0.6738490538015648,0.03618873964902368,0.5545867938252829,0.0432863405385876,0.6890408868325704,0.06287361422904685,0.6415632175660161,0.10025379833578077,0.40114837551636756,0.014214031589992751,0.6454969599015443,0.06696017020183867,0.45439793372613313,0.1117266124835539,0.4275092972745442,0.0529293348976792,0.6415632175660161,0.10025379833578077,0.40114837551636756,0.014214031589992751,0.6454969599015443,0.06696017020183867,0.7964015151515151,0.686904254124102,0.806386280251407,0.658408778428883,0.7274128943684539,0.7341143059992901,0.5871372680365925,0.7471160130332491,0.5673831616296069,0.6178360804624635,0.062287209152225076,0.09976698608750956,0.05927026721815787
