dataset,model_name,k,train_accuracy_mean,train_accuracy_std,train_macro_f1_mean,train_macro_f1_std,train_weighted_f1_mean,train_weighted_f1_std,train_macro_precision_mean,train_macro_precision_std,train_macro_recall_mean,train_macro_recall_std,validation_accuracy_mean,validation_accuracy_std,validation_macro_f1_mean,validation_macro_f1_std,validation_weighted_f1_mean,validation_weighted_f1_std,validation_macro_precision_mean,validation_macro_precision_std,validation_macro_recall_mean,validation_macro_recall_std,cv_accuracy_mean,cv_accuracy_std,cv_macro_f1_mean,cv_macro_f1_std,cv_weighted_f1_mean,cv_weighted_f1_std,final_train_accuracy,final_train_macro_f1,final_train_weighted_f1,final_train_macro_precision,final_train_macro_recall,test_accuracy,test_macro_f1,test_weighted_f1,test_macro_precision,test_macro_recall,train_test_accuracy_gap,train_test_macro_f1_gap,train_test_weighted_f1_gap
hqrtm_q60,B4_structural_context_socioeconomic,2,0.5742052956371986,0.08964415224320699,0.5096903343818726,0.009223003536686458,0.6136023367491139,0.08979407917277449,0.5412437128079728,0.038639468367201356,0.6598744017509173,0.06882990415470742,0.5512162743972445,0.12512380327253342,0.3943168690131591,0.017863210648361383,0.5897555494593005,0.10463952448132673,0.4637377197654148,0.09347956015999861,0.4398915878897597,0.01660247421490552,0.5512162743972445,0.12512380327253342,0.3943168690131591,0.017863210648361383,0.5897555494593005,0.10463952448132673,0.7547348484848485,0.6453609218247123,0.7715806283621255,0.6156549985795738,0.7013892144238034,0.7223997160099397,0.5839366870689924,0.7400424011900055,0.5633802364263056,0.6207437306753666,0.03233513247490882,0.0614242347557199,0.03153822717211996
