dataset,model_name,k,train_accuracy_mean,train_accuracy_std,train_macro_f1_mean,train_macro_f1_std,train_weighted_f1_mean,train_weighted_f1_std,train_macro_precision_mean,train_macro_precision_std,train_macro_recall_mean,train_macro_recall_std,validation_accuracy_mean,validation_accuracy_std,validation_macro_f1_mean,validation_macro_f1_std,validation_weighted_f1_mean,validation_weighted_f1_std,validation_macro_precision_mean,validation_macro_precision_std,validation_macro_recall_mean,validation_macro_recall_std,cv_accuracy_mean,cv_accuracy_std,cv_macro_f1_mean,cv_macro_f1_std,cv_weighted_f1_mean,cv_weighted_f1_std,final_train_accuracy,final_train_macro_f1,final_train_weighted_f1,final_train_macro_precision,final_train_macro_recall,test_accuracy,test_macro_f1,test_weighted_f1,test_macro_precision,test_macro_recall,train_test_accuracy_gap,train_test_macro_f1_gap,train_test_weighted_f1_gap
hqrtm_q60,B4_structural_context_socioeconomic,2,0.6250574052812858,0.06093316113138099,0.5525226697781677,0.023641382905386484,0.6628296086428155,0.054292048043843334,0.5513772410943987,0.04751004724428848,0.685628192899709,0.07136740571397306,0.6196810419058554,0.08766530863914013,0.3956469435799623,0.02629365998352447,0.6351344533675924,0.06645722455639595,0.451650501281913,0.12393142822583623,0.4438160116967095,0.023589055458691256,0.6196810419058554,0.08766530863914013,0.3956469435799623,0.02629365998352447,0.6351344533675924,0.06645722455639595,0.7870501893939394,0.6873492717180679,0.7999399821896296,0.6559457676426688,0.738082600214158,0.7220447284345048,0.5806811678742072,0.7381306486373598,0.5627383051636945,0.6145706067395562,0.0650054609594346,0.10666810384386072,0.06180933355226981
