accuracy,macro_f1,weighted_f1,macro_precision,macro_recall,fold
0.5346358792184724,0.34619023564995954,0.5839889390245441,0.3847034664980758,0.4688634269102152,1
0.6528,0.4357541000053421,0.6612505034801174,0.4179263380463959,0.4746967787076931,2
0.5979020979020979,0.3271170480471981,0.6247278082189918,0.3323828679565697,0.3947515859064263,3
0.6094441711756026,0.33295841511980395,0.610279498825493,0.3453362171208729,0.35557801019527957,4
