fold,train_size_raw,train_size_fit,validation_size,train_accuracy,train_macro_f1,train_weighted_f1,train_macro_precision,train_macro_recall,accuracy,macro_f1,weighted_f1,macro_precision,macro_recall,validation_accuracy,validation_macro_f1,validation_weighted_f1,validation_macro_precision,validation_macro_recall
1,6196,18000,2252,0.5958683021304068,0.4528565093156507,0.6300148782681578,0.4253652785977314,0.5519425524595803,0.5404085257548845,0.3392973913279099,0.5886058582013948,0.381445832219659,0.4052540737564323,0.5404085257548845,0.3392973913279099,0.5886058582013948,0.381445832219659,0.4052540737564323
2,6573,19192,1875,0.6310664841016279,0.45896164190455585,0.6568561298855127,0.43083482321592464,0.5352772621572256,0.6336,0.4197614279638519,0.6497388593866695,0.4072398895085535,0.4426500201197398,0.6336,0.4197614279638519,0.6497388593866695,0.4072398895085535,0.4426500201197398
3,6160,17816,2288,0.6272727272727273,0.4666739974391254,0.6523339125556905,0.4368857099101605,0.5446796160327695,0.5633741258741258,0.36036206979405283,0.6045860888496836,0.3489844881205836,0.41895214000024206,0.5633741258741258,0.36036206979405283,0.6045860888496836,0.3489844881205836,0.41895214000024206
4,6415,18792,2033,0.6590802805923617,0.48710703609442557,0.678200463479332,0.4525676508453058,0.5713081667975132,0.5941957697983276,0.349333572326944,0.6101195546962763,0.34577185797971244,0.3718929881653775,0.5941957697983276,0.349333572326944,0.6101195546962763,0.34577185797971244,0.3718929881653775
