fold,train_size_raw,train_size_fit,validation_size,train_accuracy,train_macro_f1,train_weighted_f1,train_macro_precision,train_macro_recall,accuracy,macro_f1,weighted_f1,macro_precision,macro_recall,validation_accuracy,validation_macro_f1,validation_weighted_f1,validation_macro_precision,validation_macro_recall
1,6196,18000,2252,0.6358941252420917,0.4891884067528304,0.6652893912612399,0.4552224795329346,0.5921815158812063,0.5230905861456483,0.3616922746110266,0.5721463421363557,0.41192261552579046,0.4280236440631141,0.5230905861456483,0.3616922746110266,0.5721463421363557,0.41192261552579046,0.4280236440631141
2,6573,19192,1875,0.577818347786399,0.42324567945199043,0.6190751103069443,0.4032620988814514,0.5287766529628921,0.5888,0.4151175837844048,0.6229915364378567,0.4178694054601313,0.4558425260615516,0.5888,0.4151175837844048,0.6229915364378567,0.4178694054601313,0.4558425260615516
3,6160,17816,2288,0.5321428571428571,0.40809182557265455,0.577651055619758,0.39647945551014263,0.5251315514924473,0.5821678321678322,0.3594654733384316,0.6138942136585837,0.36350404342044096,0.3922494833735513,0.5821678321678322,0.3594654733384316,0.6138942136585837,0.36350404342044096,0.3922494833735513
4,6415,18792,2033,0.6534684333593141,0.5092959597246403,0.6810242456320658,0.4705031443396555,0.6146845119820621,0.5327102803738317,0.352269494407381,0.5734271560898846,0.34888571054562134,0.39031984124920927,0.5327102803738317,0.352269494407381,0.5734271560898846,0.34888571054562134,0.39031984124920927
