split,accuracy,macro_f1,weighted_f1,macro_precision,macro_recall
train_final,0.7123579545454546,0.5741450306464305,0.7292846647621477,0.5333094050289239,0.6483125663778151
test,0.6137735179268725,0.41032489426507757,0.6355378719654047,0.39149026009486365,0.45219063431082485
