split,accuracy,macro_f1,weighted_f1,macro_precision,macro_recall
train_final,0.6672585227272727,0.5066726642417018,0.6857008114907539,0.4739115080190595,0.57350722123978
test,0.6173233936812211,0.4041484045648486,0.6363267727923188,0.38647910657960344,0.4474271752802038
