dataset,model_name,k,train_accuracy_mean,train_accuracy_std,train_macro_f1_mean,train_macro_f1_std,train_weighted_f1_mean,train_weighted_f1_std,train_macro_precision_mean,train_macro_precision_std,train_macro_recall_mean,train_macro_recall_std,validation_accuracy_mean,validation_accuracy_std,validation_macro_f1_mean,validation_macro_f1_std,validation_weighted_f1_mean,validation_weighted_f1_std,validation_macro_precision_mean,validation_macro_precision_std,validation_macro_recall_mean,validation_macro_recall_std,cv_accuracy_mean,cv_accuracy_std,cv_macro_f1_mean,cv_macro_f1_std,cv_weighted_f1_mean,cv_weighted_f1_std,final_train_accuracy,final_train_macro_f1,final_train_weighted_f1,final_train_macro_precision,final_train_macro_recall,test_accuracy,test_macro_f1,test_weighted_f1,test_macro_precision,test_macro_recall,train_test_accuracy_gap,train_test_macro_f1_gap,train_test_weighted_f1_gap
traditional_lihc,B3_structural_context,4,0.5998309408826654,0.0555090527166924,0.4574554678755289,0.049333878860737354,0.635759950705002,0.04681834342059084,0.43136679456604604,0.037003368877112475,0.5651935580796519,0.0451252321676217,0.5566921746718281,0.033586304638255335,0.372136206535311,0.028935032024569263,0.5956148120806701,0.026625067877651357,0.385545443737996,0.03449808235555372,0.41660887368685656,0.0313797683459939,0.5566921746718281,0.033586304638255335,0.372136206535311,0.028935032024569263,0.5956148120806701,0.026625067877651357,0.7123579545454546,0.5741450306464305,0.7292846647621477,0.5333094050289239,0.6483125663778151,0.6137735179268725,0.41032489426507757,0.6355378719654047,0.39149026009486365,0.45219063431082485,0.09858443661858207,0.16382013638135295,0.09374679279674303
