dataset,model_name,k,train_accuracy_mean,train_accuracy_std,train_macro_f1_mean,train_macro_f1_std,train_weighted_f1_mean,train_weighted_f1_std,train_macro_precision_mean,train_macro_precision_std,train_macro_recall_mean,train_macro_recall_std,validation_accuracy_mean,validation_accuracy_std,validation_macro_f1_mean,validation_macro_f1_std,validation_weighted_f1_mean,validation_weighted_f1_std,validation_macro_precision_mean,validation_macro_precision_std,validation_macro_recall_mean,validation_macro_recall_std,cv_accuracy_mean,cv_accuracy_std,cv_macro_f1_mean,cv_macro_f1_std,cv_weighted_f1_mean,cv_weighted_f1_std,final_train_accuracy,final_train_macro_f1,final_train_weighted_f1,final_train_macro_precision,final_train_macro_recall,test_accuracy,test_macro_f1,test_weighted_f1,test_macro_precision,test_macro_recall,train_test_accuracy_gap,train_test_macro_f1_gap,train_test_weighted_f1_gap
traditional_lihc,B3_structural_context,4,0.5338469734903296,0.03060978290848294,0.3980762971439858,0.028208984562859092,0.582170835955922,0.024746184164212596,0.38856856262323314,0.018764469677259213,0.5194127136000681,0.03514688655946165,0.57104867473951,0.058465092897282814,0.37255780830728324,0.027779388005763638,0.6021678007112694,0.04387559186000718,0.3816507407718045,0.038103972102687886,0.41234893681732837,0.026220831912939987,0.57104867473951,0.058465092897282814,0.37255780830728324,0.027779388005763638,0.6021678007112694,0.04387559186000718,0.7168560606060606,0.5748128893533327,0.7315804443297258,0.5379523967165201,0.6364289129578722,0.6283280085197018,0.41838685745543125,0.6449544083588032,0.4002650919161711,0.4524820068006763,0.08852805208635872,0.1564260318979015,0.08662603597092255
