dataset,model_name,k,train_accuracy_mean,train_accuracy_std,train_macro_f1_mean,train_macro_f1_std,train_weighted_f1_mean,train_weighted_f1_std,train_macro_precision_mean,train_macro_precision_std,train_macro_recall_mean,train_macro_recall_std,validation_accuracy_mean,validation_accuracy_std,validation_macro_f1_mean,validation_macro_f1_std,validation_weighted_f1_mean,validation_weighted_f1_std,validation_macro_precision_mean,validation_macro_precision_std,validation_macro_recall_mean,validation_macro_recall_std,cv_accuracy_mean,cv_accuracy_std,cv_macro_f1_mean,cv_macro_f1_std,cv_weighted_f1_mean,cv_weighted_f1_std,final_train_accuracy,final_train_macro_f1,final_train_weighted_f1,final_train_macro_precision,final_train_macro_recall,test_accuracy,test_macro_f1,test_weighted_f1,test_macro_precision,test_macro_recall,train_test_accuracy_gap,train_test_macro_f1_gap,train_test_weighted_f1_gap
traditional_lihc,B3_structural_context,4,0.6283219485242809,0.02587113898174941,0.4663997961884394,0.014917682229705907,0.6543513460471733,0.0197601285945657,0.4364133656422806,0.011752508987086801,0.5508018993617722,0.01527857767299307,0.5828946053568345,0.04035207323393644,0.36718861535318964,0.036088896210904,0.613262590283506,0.02597199128862431,0.37086051695712713,0.029117629787839074,0.40968730551044796,0.02955470453188801,0.5828946053568345,0.04035207323393644,0.36718861535318964,0.036088896210904,0.613262590283506,0.02597199128862431,0.6672585227272727,0.5066726642417018,0.6857008114907539,0.4739115080190595,0.57350722123978,0.6173233936812211,0.4041484045648486,0.6363267727923188,0.38647910657960344,0.4474271752802038,0.049935129046051574,0.10252425967685319,0.04937403869843515
