accuracy,macro_f1,weighted_f1,macro_precision,macro_recall,fold
0.5948064674179324,0.3704921130544824,0.6071811344108372,0.4130059328068444,0.41345595113185696,1
0.6188811188811189,0.33106476650411976,0.6440386968637601,0.32241923034122,0.36958012564227916,2
0.7214765100671141,0.43030898911310517,0.6980129175219313,0.4268046057563751,0.4450144204236983,3
0.7456960157402853,0.4808605577539353,0.7440779644497582,0.5262179908031058,0.4668377959307163,4
