fold,train_size_raw,train_size_fit,validation_size,train_accuracy,train_macro_f1,train_weighted_f1,train_macro_precision,train_macro_recall,accuracy,macro_f1,weighted_f1,macro_precision,macro_recall,validation_accuracy,validation_macro_f1,validation_weighted_f1,validation_macro_precision,validation_macro_recall
1,6407,18928,2041,0.5701576400811612,0.47383957507848384,0.6257509451769115,0.49439335893478653,0.580953091679079,0.49142577168054874,0.3894622045210693,0.5353224411171708,0.4315231060121096,0.389538635811007,0.49142577168054874,0.3894622045210693,0.5353224411171708,0.4315231060121096,0.389538635811007
2,6160,17612,2288,0.7435064935064936,0.6353555378855725,0.7629716622572587,0.6104981374137254,0.6906929504510728,0.618006993006993,0.3308232064621416,0.6443184710627108,0.32365143270944785,0.3680408894189169,0.618006993006993,0.3308232064621416,0.6443184710627108,0.32365143270944785,0.3680408894189169
3,6362,18864,2086,0.6556114429424709,0.514448589736236,0.6910210216589205,0.4825016538535606,0.6428139620723322,0.6898370086289549,0.4680626528869851,0.7009171169326182,0.4633084580512222,0.4882779621306691,0.6898370086289549,0.4680626528869851,0.7009171169326182,0.4633084580512222,0.4882779621306691
4,6415,18888,2033,0.6383476227591582,0.5262741048768778,0.6817284379869885,0.518561273892304,0.6651294575378905,0.6989670437776685,0.46941988580738825,0.7158044993850604,0.5077651243520638,0.47825969507385435,0.6989670437776685,0.46941988580738825,0.7158044993850604,0.5077651243520638,0.47825969507385435
