fold,train_size_raw,train_size_fit,validation_size,train_accuracy,train_macro_f1,train_weighted_f1,train_macro_precision,train_macro_recall,accuracy,macro_f1,weighted_f1,macro_precision,macro_recall,validation_accuracy,validation_macro_f1,validation_weighted_f1,validation_macro_precision,validation_macro_recall
1,6407,18928,2041,0.6982987357577649,0.5867595899408904,0.7330859703418735,0.5565813873492026,0.7175425532447396,0.6771190592846644,0.3255542487757625,0.6451269398582735,0.4100046822804494,0.3137795757955657,0.6771190592846644,0.3255542487757625,0.6451269398582735,0.4100046822804494,0.3137795757955657
2,6160,17612,2288,0.7563311688311688,0.6639321082091091,0.7757287484311354,0.635187890732847,0.7254292557623074,0.6280594405594405,0.3362464232071086,0.6514555104862637,0.3274778814812398,0.3659942953165889,0.6280594405594405,0.3362464232071086,0.6514555104862637,0.3274778814812398,0.3659942953165889
3,6362,18864,2086,0.6446086136435083,0.5135567798333696,0.6828448939288431,0.4854063926589484,0.6437139941151875,0.649568552253116,0.48663863200510504,0.6829052759185045,0.4846375208663265,0.5197199968639079,0.649568552253116,0.48663863200510504,0.6829052759185045,0.4846375208663265,0.5197199968639079
4,6415,18888,2033,0.6010911925175371,0.4866429947687,0.6495332912189014,0.4848820837451302,0.6321697227421108,0.6728971962616822,0.4667499524839589,0.6953845522186176,0.4725595213358597,0.4935154570110323,0.6728971962616822,0.4667499524839589,0.6953845522186176,0.4725595213358597,0.4935154570110323
