split,accuracy,macro_f1,weighted_f1,macro_precision,macro_recall
train_final,0.7651515151515151,0.6285661395212686,0.7808522119451231,0.5978926440867454,0.6847768332134981
test,0.7309194178203763,0.5699097752002282,0.7483888842567632,0.5497398483268521,0.6107139041450791
