split,accuracy,macro_f1,weighted_f1,macro_precision,macro_recall
train_final,0.7897727272727273,0.6842582352321747,0.8041429598131689,0.652191656841523,0.7368625207085964
test,0.7199148029818956,0.5482141283472697,0.7391864465934979,0.5318666147370424,0.5808723717498606
