dataset,model_name,k,cv_accuracy_mean,cv_accuracy_std,cv_macro_f1_mean,cv_macro_f1_std,cv_weighted_f1_mean,cv_weighted_f1_std,test_accuracy,test_macro_f1,test_weighted_f1,test_macro_precision,test_macro_recall
hqrtm_q65,B4_structural_context_socioeconomic,4,0.6702150280266127,0.07449102918797464,0.40318160660641067,0.06592762685466792,0.6733276783115717,0.06013366701987049,0.7341143059992901,0.5696792615805913,0.749167793807337,0.5516773967578597,0.6021089615235575
