dataset,model_name,k,train_accuracy_mean,train_accuracy_std,train_macro_f1_mean,train_macro_f1_std,train_weighted_f1_mean,train_weighted_f1_std,train_macro_precision_mean,train_macro_precision_std,train_macro_recall_mean,train_macro_recall_std,validation_accuracy_mean,validation_accuracy_std,validation_macro_f1_mean,validation_macro_f1_std,validation_weighted_f1_mean,validation_weighted_f1_std,validation_macro_precision_mean,validation_macro_precision_std,validation_macro_recall_mean,validation_macro_recall_std,cv_accuracy_mean,cv_accuracy_std,cv_macro_f1_mean,cv_macro_f1_std,cv_weighted_f1_mean,cv_weighted_f1_std,final_train_accuracy,final_train_macro_f1,final_train_weighted_f1,final_train_macro_precision,final_train_macro_recall,test_accuracy,test_macro_f1,test_weighted_f1,test_macro_precision,test_macro_recall,train_test_accuracy_gap,train_test_macro_f1_gap,train_test_weighted_f1_gap
hqrtm_q65,B4_structural_context_socioeconomic,4,0.6750824276874947,0.06719055271442281,0.5627228681880172,0.07963777504398355,0.7102982259801883,0.055517256472086475,0.5405144386215321,0.07153802022933721,0.6797138814660864,0.048570713993889555,0.6569110620897258,0.022732122294394863,0.40379731411798375,0.08467746406908272,0.6687180696204148,0.024268741678814335,0.42366990149096884,0.07198816678339133,0.4232523312467737,0.09917271838640161,0.6569110620897258,0.022732122294394863,0.40379731411798375,0.08467746406908272,0.6687180696204148,0.024268741678814335,0.7897727272727273,0.6842582352321747,0.8041429598131689,0.652191656841523,0.7368625207085964,0.7199148029818956,0.5482141283472697,0.7391864465934979,0.5318666147370424,0.5808723717498606,0.06985792429083171,0.13604410688490498,0.064956513219671
