dataset,model_name,k,train_accuracy_mean,train_accuracy_std,train_macro_f1_mean,train_macro_f1_std,train_weighted_f1_mean,train_weighted_f1_std,train_macro_precision_mean,train_macro_precision_std,train_macro_recall_mean,train_macro_recall_std,validation_accuracy_mean,validation_accuracy_std,validation_macro_f1_mean,validation_macro_f1_std,validation_weighted_f1_mean,validation_weighted_f1_std,validation_macro_precision_mean,validation_macro_precision_std,validation_macro_recall_mean,validation_macro_recall_std,cv_accuracy_mean,cv_accuracy_std,cv_macro_f1_mean,cv_macro_f1_std,cv_weighted_f1_mean,cv_weighted_f1_std,final_train_accuracy,final_train_macro_f1,final_train_weighted_f1,final_train_macro_precision,final_train_macro_recall,test_accuracy,test_macro_f1,test_weighted_f1,test_macro_precision,test_macro_recall,train_test_accuracy_gap,train_test_macro_f1_gap,train_test_weighted_f1_gap
hqrtm_q65,B4_structural_context_socioeconomic,4,0.651905799822321,0.07134658286771174,0.5374794518942926,0.06900662418354687,0.6903680167700198,0.05633744762955533,0.5264886060235942,0.05798103369783854,0.6448973654350937,0.04690338962011145,0.6245592042735413,0.09585607382531024,0.4144419874193961,0.0671164042510531,0.64909063212439,0.08185902397558376,0.4315620302812109,0.07844200789016371,0.4310292956086118,0.0610931927930837,0.6245592042735413,0.09585607382531024,0.4144419874193961,0.0671164042510531,0.64909063212439,0.08185902397558376,0.7651515151515151,0.6285661395212686,0.7808522119451231,0.5978926440867454,0.6847768332134981,0.7309194178203763,0.5699097752002282,0.7483888842567632,0.5497398483268521,0.6107139041450791,0.034232097331138855,0.05865636432104038,0.03246332768835991
