accuracy,macro_f1,weighted_f1,macro_precision,macro_recall,fold
0.6327316486161252,0.3388493075555485,0.6516785780053984,0.3323581734254125,0.3544109982453201,1
0.4901001630561379,0.3285439147233868,0.5361853004073657,0.32831159929237574,0.39024649576011816,2
