fold,train_size_raw,train_size_fit,validation_size,train_accuracy,train_macro_f1,train_weighted_f1,train_macro_precision,train_macro_recall,accuracy,macro_f1,weighted_f1,macro_precision,macro_recall,validation_accuracy,validation_macro_f1,validation_weighted_f1,validation_macro_precision,validation_macro_recall
1,4293,12704,4155,0.602841835546238,0.44640974588134286,0.6392388383817752,0.42042351663281263,0.5690063158291003,0.6243080625752105,0.3389458401015228,0.6477461856617922,0.3329962597168148,0.35650887046242724,0.6243080625752105,0.3389458401015228,0.6477461856617922,0.3329962597168148,0.35650887046242724
2,4155,12644,4293,0.675812274368231,0.4961114016460749,0.7041936136474156,0.4572463608704174,0.6004548095010831,0.48497554157931516,0.33049250161058374,0.5320390013198242,0.3312776980280052,0.39736063083074713,0.48497554157931516,0.33049250161058374,0.5320390013198242,0.3312776980280052,0.39736063083074713
