dataset,model_name,k,train_accuracy_mean,train_accuracy_std,train_macro_f1_mean,train_macro_f1_std,train_weighted_f1_mean,train_weighted_f1_std,train_macro_precision_mean,train_macro_precision_std,train_macro_recall_mean,train_macro_recall_std,validation_accuracy_mean,validation_accuracy_std,validation_macro_f1_mean,validation_macro_f1_std,validation_weighted_f1_mean,validation_weighted_f1_std,validation_macro_precision_mean,validation_macro_precision_std,validation_macro_recall_mean,validation_macro_recall_std,cv_accuracy_mean,cv_accuracy_std,cv_macro_f1_mean,cv_macro_f1_std,cv_weighted_f1_mean,cv_weighted_f1_std,final_train_accuracy,final_train_macro_f1,final_train_weighted_f1,final_train_macro_precision,final_train_macro_recall,test_accuracy,test_macro_f1,test_weighted_f1,test_macro_precision,test_macro_recall,train_test_accuracy_gap,train_test_macro_f1_gap,train_test_weighted_f1_gap
hqrtm_q70,B1_structural,2,0.6393270549572345,0.05159789211718932,0.4712605737637089,0.0351443778274415,0.6717162260145955,0.04592996206078257,0.43883493875161506,0.02603768286298633,0.5847305626650917,0.022237443133561244,0.5546418020772629,0.09852297043601463,0.3347191708560533,0.005977412970608254,0.5898925934908081,0.0818173346802075,0.33213697887241,0.0012152066240446538,0.3769347506465872,0.028886556779846848,0.5546418020772629,0.09852297043601463,0.3347191708560533,0.005977412970608254,0.5898925934908081,0.0818173346802075,0.6260653409090909,0.46057174573406956,0.6590763725976473,0.42846051793245227,0.5691581133092474,0.5608803691870784,0.3513305942203145,0.5992741996385503,0.34125603959066264,0.4051354121875983,0.06518497172201254,0.10924115151375507,0.059802172959096955
