dataset,model_name,k,cv_accuracy_mean,cv_accuracy_std,cv_macro_f1_mean,cv_macro_f1_std,cv_weighted_f1_mean,cv_weighted_f1_std,test_accuracy,test_macro_f1,test_weighted_f1,test_macro_precision,test_macro_recall
hqrtm_q70,B1_structural,2,0.42614053767019155,0.0204305793370664,0.33703295703314723,0.0031443151421876713,0.4556412727776608,0.008413128568763181,0.42243521476748314,0.3330183253137263,0.45786171562075584,0.3378269852699298,0.38632389266633194
