fold,train_size_raw,train_size_fit,validation_size,train_accuracy,train_macro_f1,train_weighted_f1,train_macro_precision,train_macro_recall,accuracy,macro_f1,weighted_f1,macro_precision,macro_recall,validation_accuracy,validation_macro_f1,validation_weighted_f1,validation_macro_precision,validation_macro_recall
1,4133,12184,4315,0.7171546092426808,0.5819948242776859,0.7461128012935918,0.5606104894441868,0.6675865863014617,0.5520278099652376,0.376584909166365,0.5892365210442686,0.3629870130046401,0.45037151997936314,0.5520278099652376,0.376584909166365,0.5892365210442686,0.3629870130046401,0.45037151997936314
2,4315,12580,4133,0.6938586326767091,0.6032181526931473,0.7272496190008502,0.5775520757533121,0.7369808183533675,0.6994918945076216,0.42865391339514086,0.701749364611982,0.4667675173516551,0.454226955409773,0.6994918945076216,0.42865391339514086,0.701749364611982,0.4667675173516551,0.454226955409773
