fold,train_size_raw,train_size_fit,validation_size,train_accuracy,train_macro_f1,train_weighted_f1,train_macro_precision,train_macro_recall,accuracy,macro_f1,weighted_f1,macro_precision,macro_recall,validation_accuracy,validation_macro_f1,validation_weighted_f1,validation_macro_precision,validation_macro_recall
1,4133,12184,4315,0.7142511492862328,0.5954762201581902,0.7449367878331266,0.5748082008320259,0.6774258091396411,0.5976825028968714,0.4080929462747841,0.6220783670164375,0.386645773076421,0.4636607896411818,0.5976825028968714,0.4080929462747841,0.6220783670164375,0.386645773076421,0.4636607896411818
2,4315,12580,4133,0.6885283893395133,0.5968747704064663,0.7232712406691034,0.5740128615339343,0.7334396721651624,0.7142511492862328,0.40682682199047965,0.7009892515755197,0.44495535806382613,0.4017213165357766,0.7142511492862328,0.40682682199047965,0.7009892515755197,0.44495535806382613,0.4017213165357766
