accuracy,macro_f1,weighted_f1,macro_precision,macro_recall,fold
0.579837775202781,0.3923023751686425,0.6097766034864923,0.3740988943403004,0.46054997574605416,1
0.7590128236148076,0.3695058887925653,0.6984806965351922,0.4671679215369366,0.35756654098388474,2
