split,accuracy,macro_f1,weighted_f1,macro_precision,macro_recall
train_final,0.7275094696969697,0.5939137709448694,0.7518346998168314,0.5619695257615396,0.6782104133581686
test,0.7050053248136315,0.5648730807959648,0.7293430106726353,0.5373695372537068,0.6353114013369896
