dataset,model_name,k,train_accuracy_mean,train_accuracy_std,train_macro_f1_mean,train_macro_f1_std,train_weighted_f1_mean,train_weighted_f1_std,train_macro_precision_mean,train_macro_precision_std,train_macro_recall_mean,train_macro_recall_std,validation_accuracy_mean,validation_accuracy_std,validation_macro_f1_mean,validation_macro_f1_std,validation_weighted_f1_mean,validation_weighted_f1_std,validation_macro_precision_mean,validation_macro_precision_std,validation_macro_recall_mean,validation_macro_recall_std,cv_accuracy_mean,cv_accuracy_std,cv_macro_f1_mean,cv_macro_f1_std,cv_weighted_f1_mean,cv_weighted_f1_std,final_train_accuracy,final_train_macro_f1,final_train_weighted_f1,final_train_macro_precision,final_train_macro_recall,test_accuracy,test_macro_f1,test_weighted_f1,test_macro_precision,test_macro_recall,train_test_accuracy_gap,train_test_macro_f1_gap,train_test_weighted_f1_gap
hqrtm_q65,B4_structural_context_socioeconomic,2,0.701389769312873,0.01818873798915905,0.5961754952823283,0.0009889243643861352,0.734104014251115,0.015319855317797733,0.5744105311829801,0.0005623898110247284,0.7054327406524017,0.039607782385800504,0.6559668260915521,0.08242648033565418,0.4074598841326319,0.0008952850672566397,0.6615338092959786,0.055798421581155874,0.41580056557012357,0.041231102952767475,0.4326910530884792,0.0437978214559538,0.6559668260915521,0.08242648033565418,0.4074598841326319,0.0008952850672566397,0.6615338092959786,0.055798421581155874,0.7897727272727273,0.6842582352321747,0.8041429598131689,0.652191656841523,0.7368625207085964,0.7199148029818956,0.5482141283472697,0.7391864465934979,0.5318666147370424,0.5808723717498606,0.06985792429083171,0.13604410688490498,0.064956513219671
