dataset,model_name,k,train_accuracy_mean,train_accuracy_std,train_macro_f1_mean,train_macro_f1_std,train_weighted_f1_mean,train_weighted_f1_std,train_macro_precision_mean,train_macro_precision_std,train_macro_recall_mean,train_macro_recall_std,validation_accuracy_mean,validation_accuracy_std,validation_macro_f1_mean,validation_macro_f1_std,validation_weighted_f1_mean,validation_weighted_f1_std,validation_macro_precision_mean,validation_macro_precision_std,validation_macro_recall_mean,validation_macro_recall_std,cv_accuracy_mean,cv_accuracy_std,cv_macro_f1_mean,cv_macro_f1_std,cv_weighted_f1_mean,cv_weighted_f1_std,final_train_accuracy,final_train_macro_f1,final_train_weighted_f1,final_train_macro_precision,final_train_macro_recall,test_accuracy,test_macro_f1,test_weighted_f1,test_macro_precision,test_macro_recall,train_test_accuracy_gap,train_test_macro_f1_gap,train_test_weighted_f1_gap
hqrtm_q65,B4_structural_context_socioeconomic,2,0.705506620959695,0.016472743004161496,0.5926064884854165,0.015007159441921882,0.736681210147221,0.013338284113955623,0.5690812825987495,0.011979510563239704,0.7022837023274147,0.04906913205913543,0.6257598522364296,0.10427285416138608,0.40261941128075296,0.03681834597979843,0.6454929428281253,0.07955859465731138,0.4148772651781476,0.0733838983787343,0.45229923769456803,0.0027262045372696713,0.6257598522364296,0.10427285416138608,0.40261941128075296,0.03681834597979843,0.6454929428281253,0.07955859465731138,0.7275094696969697,0.5939137709448694,0.7518346998168314,0.5619695257615396,0.6782104133581686,0.7050053248136315,0.5648730807959648,0.7293430106726353,0.5373695372537068,0.6353114013369896,0.022504144883338184,0.029040690148904647,0.02249168914419608
