fold,train_size_raw,train_size_fit,validation_size,train_accuracy,train_macro_f1,train_weighted_f1,train_macro_precision,train_macro_recall,accuracy,macro_f1,weighted_f1,macro_precision,macro_recall,validation_accuracy,validation_macro_f1,validation_weighted_f1,validation_macro_precision,validation_macro_recall
1,6407,18928,2041,0.6928359606680193,0.5323263206622136,0.7211604753950205,0.5051073539996567,0.6167621057452014,0.6340029397354238,0.39493657924993186,0.6323229914290355,0.43314485255611535,0.3936204289558166,0.6340029397354238,0.39493657924993186,0.6323229914290355,0.43314485255611535,0.3936204289558166
2,6160,17612,2288,0.7435064935064936,0.6061393015396624,0.7550968409521476,0.584188899550755,0.6393071153290643,0.6145104895104895,0.32147626707755395,0.6431931984234155,0.3181003817352749,0.35537529171538507,0.6145104895104895,0.32147626707755395,0.6431931984234155,0.3181003817352749,0.35537529171538507
3,6362,18864,2086,0.7679974850675888,0.6101991414276924,0.7733305995597043,0.5892254398465578,0.6359862213817706,0.7157238734419943,0.4430994622047546,0.6990884551891977,0.4431480827955059,0.4577581574033157,0.7157238734419943,0.4430994622047546,0.6990884551891977,0.4431480827955059,0.4577581574033157
4,6415,18888,2033,0.5240841777084957,0.42442856891666786,0.591297442014383,0.49126153119389293,0.5763470735631051,0.6256763403836695,0.44648748772898095,0.6713000065642751,0.5126802197111704,0.47998246836742414,0.6256763403836695,0.44648748772898095,0.6713000065642751,0.5126802197111704,0.47998246836742414
