dataset,model_name,k,train_accuracy_mean,train_accuracy_std,train_macro_f1_mean,train_macro_f1_std,train_weighted_f1_mean,train_weighted_f1_std,train_macro_precision_mean,train_macro_precision_std,train_macro_recall_mean,train_macro_recall_std,validation_accuracy_mean,validation_accuracy_std,validation_macro_f1_mean,validation_macro_f1_std,validation_weighted_f1_mean,validation_weighted_f1_std,validation_macro_precision_mean,validation_macro_precision_std,validation_macro_recall_mean,validation_macro_recall_std,cv_accuracy_mean,cv_accuracy_std,cv_macro_f1_mean,cv_macro_f1_std,cv_weighted_f1_mean,cv_weighted_f1_std,final_train_accuracy,final_train_macro_f1,final_train_weighted_f1,final_train_macro_precision,final_train_macro_recall,test_accuracy,test_macro_f1,test_weighted_f1,test_macro_precision,test_macro_recall,train_test_accuracy_gap,train_test_macro_f1_gap,train_test_weighted_f1_gap
hqrtm_q65,B2_structural_socioeconomic,4,0.6821060292376494,0.10989903879806892,0.5432733331365591,0.08693888440216022,0.7102213394803137,0.08217693801216244,0.5424458061477156,0.05146134467479494,0.6171006290047854,0.028929572605642457,0.6474784107678943,0.04619251598914433,0.4014999490653054,0.05831313640071461,0.6614761629014809,0.0299742480164539,0.4267683841995166,0.08061954294782389,0.4216840866104854,0.057400537339072695,0.6474784107678943,0.04619251598914433,0.4014999490653054,0.05831313640071461,0.6614761629014809,0.0299742480164539,0.8135653409090909,0.6573421690756995,0.805411693280689,0.6727385232063754,0.6463319928938696,0.762158324458644,0.529128517656607,0.7532939067526508,0.5390202024863047,0.521589033012227,0.051407016450446985,0.12821365141909258,0.05211778652803811
