accuracy,macro_f1,weighted_f1,macro_precision,macro_recall,fold
0.5673483779971791,0.34891713500137567,0.5962245170102296,0.3533297409986861,0.4143780279663336,1
0.7423862414905052,0.4806589692159575,0.7212060512439407,0.5184216631617399,0.46476433331299716,2
0.6479971641261963,0.331295997818106,0.6215472363070815,0.3515346187111814,0.3489662495251411,3
