fold,train_size_raw,train_size_fit,validation_size,train_accuracy,train_macro_f1,train_weighted_f1,train_macro_precision,train_macro_recall,accuracy,macro_f1,weighted_f1,macro_precision,macro_recall,validation_accuracy,validation_macro_f1,validation_weighted_f1,validation_macro_precision,validation_macro_recall
1,5612,16124,2836,0.6281183178902352,0.523213146746119,0.6685603973860809,0.5129955569584143,0.667763906061983,0.6008462623413258,0.3988261366141298,0.6317602299874372,0.4556561455291479,0.45223741888952884,0.6008462623413258,0.3988261366141298,0.6317602299874372,0.4556561455291479,0.45223741888952884
2,5657,16376,2791,0.6558246420364151,0.5576741948072588,0.6890080404763681,0.531035607868728,0.6735869674148323,0.6975994267287711,0.46935397778525834,0.6944379576862135,0.4756136849449418,0.468219741191783,0.6975994267287711,0.46935397778525834,0.6944379576862135,0.4756136849449418,0.468219741191783
3,5627,16100,2821,0.6900657543984361,0.5959738349975201,0.7196683242071792,0.5695749961839918,0.6872467445389622,0.6217653314427508,0.3376680633697145,0.6171747187893604,0.35148420419716286,0.3465674735123279,0.6217653314427508,0.3376680633697145,0.6171747187893604,0.35148420419716286,0.3465674735123279
