fold,train_size_raw,train_size_fit,validation_size,train_accuracy,train_macro_f1,train_weighted_f1,train_macro_precision,train_macro_recall,accuracy,macro_f1,weighted_f1,macro_precision,macro_recall,validation_accuracy,validation_macro_f1,validation_weighted_f1,validation_macro_precision,validation_macro_recall
1,5612,16124,2836,0.6099429793300071,0.506720616375341,0.6549417013295067,0.5076931195630607,0.6698954801842861,0.668194640338505,0.4271080783552544,0.6681308605466654,0.5083362857132319,0.4427888945506395,0.668194640338505,0.4271080783552544,0.6681308605466654,0.5083362857132319,0.4427888945506395
2,5657,16376,2791,0.5879441400035355,0.5165473688992909,0.6279921938692242,0.5127180920668867,0.6183701867706636,0.6449301325689717,0.474577435448269,0.6650280178938245,0.4525344643595194,0.55012043895873,0.6449301325689717,0.474577435448269,0.6650280178938245,0.4525344643595194,0.55012043895873
3,5627,16100,2821,0.7126355073751555,0.6159366031774607,0.737507036488021,0.5893552420720749,0.6891204226235039,0.6171570365118753,0.3311631512091019,0.6147942556146127,0.34547716516184035,0.3535397156712571,0.6171570365118753,0.3311631512091019,0.6147942556146127,0.34547716516184035,0.3535397156712571
