split,accuracy,macro_f1,weighted_f1,macro_precision,macro_recall
train_final,0.743844696969697,0.6374865925094059,0.7634097802476221,0.6080161547116161,0.7002213690373587
test,0.7170749023784168,0.5837504654285908,0.7364873331485394,0.5631341164077699,0.6247089392018605
