split,accuracy,macro_f1,weighted_f1,macro_precision,macro_recall
train_final,0.803030303030303,0.6822544426586361,0.8047571329105508,0.6713467257554528,0.6943591609213318
test,0.7681931132410366,0.6082833687001992,0.7695776374656539,0.6046704043979383,0.6120967648201852
