dataset,model_name,k,cv_accuracy_mean,cv_accuracy_std,cv_macro_f1_mean,cv_macro_f1_std,cv_weighted_f1_mean,cv_weighted_f1_std,test_accuracy,test_macro_f1,test_weighted_f1,test_macro_precision,test_macro_recall
hqrtm_q60,B4_structural_context_socioeconomic,3,0.6525772612046269,0.08760876885913281,0.38695736734514635,0.0816248660873321,0.6463259348537506,0.06607256541941668,0.7681931132410366,0.6129924264144307,0.7697348015074886,0.6105274079754937,0.6156558620982967
