dataset,model_name,k,train_accuracy_mean,train_accuracy_std,train_macro_f1_mean,train_macro_f1_std,train_weighted_f1_mean,train_weighted_f1_std,train_macro_precision_mean,train_macro_precision_std,train_macro_recall_mean,train_macro_recall_std,validation_accuracy_mean,validation_accuracy_std,validation_macro_f1_mean,validation_macro_f1_std,validation_weighted_f1_mean,validation_weighted_f1_std,validation_macro_precision_mean,validation_macro_precision_std,validation_macro_recall_mean,validation_macro_recall_std,cv_accuracy_mean,cv_accuracy_std,cv_macro_f1_mean,cv_macro_f1_std,cv_weighted_f1_mean,cv_weighted_f1_std,final_train_accuracy,final_train_macro_f1,final_train_weighted_f1,final_train_macro_precision,final_train_macro_recall,test_accuracy,test_macro_f1,test_weighted_f1,test_macro_precision,test_macro_recall,train_test_accuracy_gap,train_test_macro_f1_gap,train_test_weighted_f1_gap
hqrtm_q60,B4_structural_context_socioeconomic,3,0.6580029047750288,0.031031110903466216,0.558953725516966,0.036397216072554354,0.6924122540232095,0.025723462993773965,0.5378687203370447,0.028902020781836395,0.6761992060052591,0.010000654559577672,0.6400703401709492,0.05090774708382377,0.40194939258970086,0.06589849057285901,0.6477909688210036,0.04105046238315183,0.42758467822375085,0.06665611341195034,0.42234154453121325,0.0661070422543967,0.6400703401709492,0.05090774708382377,0.40194939258970086,0.06589849057285901,0.6477909688210036,0.04105046238315183,0.803030303030303,0.6822544426586361,0.8047571329105508,0.6713467257554528,0.6943591609213318,0.7681931132410366,0.6082833687001992,0.7695776374656539,0.6046704043979383,0.6120967648201852,0.03483718978926642,0.07397107395843694,0.03517949544489696
