dataset,model_name,k,train_accuracy_mean,train_accuracy_std,train_macro_f1_mean,train_macro_f1_std,train_weighted_f1_mean,train_weighted_f1_std,train_macro_precision_mean,train_macro_precision_std,train_macro_recall_mean,train_macro_recall_std,validation_accuracy_mean,validation_accuracy_std,validation_macro_f1_mean,validation_macro_f1_std,validation_weighted_f1_mean,validation_weighted_f1_std,validation_macro_precision_mean,validation_macro_precision_std,validation_macro_recall_mean,validation_macro_recall_std,cv_accuracy_mean,cv_accuracy_std,cv_macro_f1_mean,cv_macro_f1_std,cv_weighted_f1_mean,cv_weighted_f1_std,final_train_accuracy,final_train_macro_f1,final_train_weighted_f1,final_train_macro_precision,final_train_macro_recall,test_accuracy,test_macro_f1,test_weighted_f1,test_macro_precision,test_macro_recall,train_test_accuracy_gap,train_test_macro_f1_gap,train_test_weighted_f1_gap
hqrtm_q60,B4_structural_context_socioeconomic,3,0.6431637454526237,0.08136013612705921,0.5486768126499156,0.07273886204230177,0.6758922563638349,0.07077169727388716,0.5285664990040603,0.06781573430992488,0.6649629563909881,0.02692426754618395,0.6471588603194056,0.0668593107083918,0.3991546541172342,0.07481626727020313,0.6455238024344175,0.046945667661112855,0.42553890270911676,0.0828480677468197,0.42682169571007017,0.07547383988362344,0.6471588603194056,0.0668593107083918,0.3991546541172342,0.07481626727020313,0.6455238024344175,0.046945667661112855,0.7383996212121212,0.6252643889286719,0.7586441772745469,0.5956608422432461,0.6904297036874723,0.7085552005679802,0.5727975243391726,0.7296552759059414,0.5518304500580775,0.6166846549089993,0.029844420644141056,0.05246686458949923,0.028988901368605546
