accuracy,macro_f1,weighted_f1,macro_precision,macro_recall,fold
0.42490646712987706,0.3493419957639288,0.4478451906507595,0.3466782971821948,0.41500964248219624,1
0.3978599221789883,0.3013834168115418,0.43798197989700244,0.3139551714830312,0.3663017540452639,2
0.4196506550218341,0.3574323856388027,0.43676679327387774,0.3565745509742935,0.39301868239869475,3
0.3890632003585836,0.33399526860746287,0.4062711788508829,0.3392376393450315,0.37387007543257544,4
