accuracy,macro_f1,weighted_f1,macro_precision,macro_recall,fold
0.5081495685522531,0.33000338558922226,0.5339233521536623,0.3267314672289938,0.3646940142226455,1
0.4539500613999181,0.3124977593770295,0.5176004227483864,0.3293489826899472,0.4223802019752214,2
0.5632070831283817,0.3289063545706602,0.5856065339068629,0.32554550805829574,0.3420879910770338,3
0.5763520678685048,0.3607459439551258,0.6031321279956482,0.35916680231059916,0.3801364443995715,4
