dataset,model_name,k,train_accuracy_mean,train_accuracy_std,train_macro_f1_mean,train_macro_f1_std,train_weighted_f1_mean,train_weighted_f1_std,train_macro_precision_mean,train_macro_precision_std,train_macro_recall_mean,train_macro_recall_std,validation_accuracy_mean,validation_accuracy_std,validation_macro_f1_mean,validation_macro_f1_std,validation_weighted_f1_mean,validation_weighted_f1_std,validation_macro_precision_mean,validation_macro_precision_std,validation_macro_recall_mean,validation_macro_recall_std,cv_accuracy_mean,cv_accuracy_std,cv_macro_f1_mean,cv_macro_f1_std,cv_weighted_f1_mean,cv_weighted_f1_std,final_train_accuracy,final_train_macro_f1,final_train_weighted_f1,final_train_macro_precision,final_train_macro_recall,test_accuracy,test_macro_f1,test_weighted_f1,test_macro_precision,test_macro_recall,train_test_accuracy_gap,train_test_macro_f1_gap,train_test_weighted_f1_gap
hqrtm_q60,B1_structural,4,0.602581909310171,0.02445769747824607,0.4571519170322355,0.03752752074711144,0.6352788843565946,0.01913335410497988,0.4305701881496668,0.03139681655778864,0.5658743172566859,0.03657897946593015,0.5421693458312729,0.06422294305399329,0.3394925711091772,0.017735503869303754,0.5695103616316477,0.04142643917855479,0.33795077210423013,0.010093923146186625,0.3829074071345131,0.02060143270894218,0.5421693458312729,0.06422294305399329,0.3394925711091772,0.017735503869303754,0.5695103616316477,0.04142643917855479,0.623342803030303,0.4865393403113575,0.6515755984732264,0.452371348564784,0.5985131753202587,0.5473908413205538,0.36109265732141443,0.5835090592702916,0.35060087180649335,0.41769568492291553,0.07595196170974916,0.12544668298994305,0.06806653920293482
